-- phpMyAdmin SQL Dump
-- version 5.2.1
-- https://www.phpmyadmin.net/
--
-- Host: 127.0.0.1
-- Generation Time: May 04, 2025 at 07:36 AM
-- Server version: 10.4.32-MariaDB
-- PHP Version: 8.0.30

SET SQL_MODE = "NO_AUTO_VALUE_ON_ZERO";
START TRANSACTION;
SET time_zone = "+00:00";


/*!40101 SET @OLD_CHARACTER_SET_CLIENT=@@CHARACTER_SET_CLIENT */;
/*!40101 SET @OLD_CHARACTER_SET_RESULTS=@@CHARACTER_SET_RESULTS */;
/*!40101 SET @OLD_COLLATION_CONNECTION=@@COLLATION_CONNECTION */;
/*!40101 SET NAMES utf8mb4 */;

--
-- Database: `neighborly`
--
CREATE DATABASE IF NOT EXISTS `neighborly` DEFAULT CHARACTER SET utf8mb4 COLLATE utf8mb4_unicode_ci;
USE `neighborly`;

-- --------------------------------------------------------

--
-- Table structure for table `billing_statements`
--

CREATE TABLE `billing_statements` (
  `bill_no` varchar(11) NOT NULL,
  `user_id` varchar(11) NOT NULL,
  `user_name` varchar(50) NOT NULL,
  `bill_type` varchar(50) NOT NULL,
  `billing_period` date NOT NULL,
  `amount_due` int(255) NOT NULL,
  `due_date` date NOT NULL,
  `bill_status` set('Overdue','Pending','Paid') NOT NULL
) ENGINE=InnoDB DEFAULT CHARSET=utf8mb4 COLLATE=utf8mb4_unicode_ci;

--
-- Dumping data for table `billing_statements`
--

INSERT INTO `billing_statements` (`bill_no`, `user_id`, `user_name`, `bill_type`, `billing_period`, `amount_due`, `due_date`, `bill_status`) VALUES
('BILL-981123', 'RES-0001', 'Angela Lopez Gonzalez', 'Water', '2025-04-01', 3000, '2025-04-30', 'Pending'),
('BILL-198591', 'ADM-0001', 'Bryl Brown Gorgonio', 'Electric', '2025-04-01', 3000, '2025-04-30', 'Pending');

-- --------------------------------------------------------

--
-- Table structure for table `department`
--

CREATE TABLE `department` (
  `department_id` varchar(25) NOT NULL,
  `department_name` varchar(50) NOT NULL
) ENGINE=InnoDB DEFAULT CHARSET=utf8mb4 COLLATE=utf8mb4_unicode_ci;

--
-- Dumping data for table `department`
--

INSERT INTO `department` (`department_id`, `department_name`) VALUES
('DEPT101', 'HOUSEKEEPING'),
('DEPT102', 'MAINTENANCE'),
('DEPT103', 'SECURIT');

-- --------------------------------------------------------

--
-- Table structure for table `facilities`
--

CREATE TABLE `facilities` (
  `facility_id` varchar(50) NOT NULL,
  `facility_name` varchar(100) NOT NULL,
  `facility_category` enum('Sports','Recreation','Events') DEFAULT NULL,
  `facility_description` text DEFAULT NULL,
  `facility_img` varchar(255) DEFAULT NULL,
  `service_fee_per_hour` decimal(10,2) NOT NULL,
  `facility_guidelines` text DEFAULT NULL,
  `facility_aminities` text DEFAULT NULL,
  `facility_status` set('Available','Unavailable') DEFAULT 'Available'
) ENGINE=InnoDB DEFAULT CHARSET=utf8mb4 COLLATE=utf8mb4_unicode_ci;

--
-- Dumping data for table `facilities`
--

INSERT INTO `facilities` (`facility_id`, `facility_name`, `facility_category`, `facility_description`, `facility_img`, `service_fee_per_hour`, `facility_guidelines`, `facility_aminities`, `facility_status`) VALUES
('FAC-0001', 'Olympic Swimming Pool', 'Sports', 'An Olympic-sized swimming pool with 10 lanes for competitions and training.', 'images/swimming_pool.jpg', 50.00, 'No diving in shallow areas. Please follow lifeguard instructions.', 'Shower, Lockers, Lifeguard on duty', 'Available'),
('FAC-0003', 'Basketball Court', 'Sports', 'waw', NULL, 2.00, 'No eating', 'CR', NULL),
('FAC-0004', 'Function Hall', 'Events', 'waw', '', 2.00, 'No eating', 'CR', 'Available');

--
-- Triggers `facilities`
--
DELIMITER $$
CREATE TRIGGER `after_delete_facility` AFTER DELETE ON `facilities` FOR EACH ROW BEGIN
    DECLARE facility_count INT;

    -- Count remaining users for the deleted type_of_user
    SELECT COUNT(*) INTO facility_count
    FROM facilities;
    
    -- Reset the ID generator if no users remain for that role
    IF facility_count = 0 THEN
        UPDATE id_generator
        SET last_used_id = 0
        WHERE type_of_id = 4;
    END IF;
END
$$
DELIMITER ;
DELIMITER $$
CREATE TRIGGER `before_insert_facilities` BEFORE INSERT ON `facilities` FOR EACH ROW BEGIN 
	DECLARE new_id VARCHAR(50);
    
    CALL generate_id (4, new_id);
    
    SET NEW.facility_id = new_id;
END
$$
DELIMITER ;

-- --------------------------------------------------------

--
-- Table structure for table `facility_operating_hours`
--

CREATE TABLE `facility_operating_hours` (
  `facility_id` varchar(50) NOT NULL,
  `day_of_week` enum('Sunday','Monday','Tuesday','Wednesday','Thursday','Friday','Saturday') NOT NULL,
  `opening_time` time NOT NULL,
  `closing_time` time NOT NULL
) ENGINE=InnoDB DEFAULT CHARSET=utf8mb4 COLLATE=utf8mb4_unicode_ci;

--
-- Dumping data for table `facility_operating_hours`
--

INSERT INTO `facility_operating_hours` (`facility_id`, `day_of_week`, `opening_time`, `closing_time`) VALUES
('FAC-0001', 'Sunday', '10:00:00', '18:00:00'),
('FAC-0001', 'Friday', '08:00:00', '20:00:00'),
('FAC-0001', 'Saturday', '10:00:00', '22:00:00');

-- --------------------------------------------------------

--
-- Table structure for table `id_generator`
--

CREATE TABLE `id_generator` (
  `type_of_id` int(11) NOT NULL,
  `id_name` varchar(15) DEFAULT NULL,
  `last_used_id` int(11) NOT NULL DEFAULT 0
) ENGINE=InnoDB DEFAULT CHARSET=utf8mb4 COLLATE=utf8mb4_unicode_ci;

--
-- Dumping data for table `id_generator`
--

INSERT INTO `id_generator` (`type_of_id`, `id_name`, `last_used_id`) VALUES
(1, 'Admin', 1),
(2, 'Resident', 7),
(3, 'Housekeeping', 4),
(4, 'Maintenance', 0),
(5, 'Security', 0),
(6, 'Request', 6),
(7, 'Facility', 4);

-- --------------------------------------------------------

--
-- Table structure for table `job_titles`
--

CREATE TABLE `job_titles` (
  `job_title_id` varchar(25) NOT NULL,
  `service_id` int(11) NOT NULL,
  `job_title_name` varchar(50) NOT NULL
) ENGINE=InnoDB DEFAULT CHARSET=utf8mb4 COLLATE=utf8mb4_unicode_ci;

--
-- Dumping data for table `job_titles`
--

INSERT INTO `job_titles` (`job_title_id`, `service_id`, `job_title_name`) VALUES
('JOB101', 1, 'House Keeper'),
('JOB102', 2, 'Plumber'),
('JOB103', 3, 'Electrician'),
('JOB104', 4, 'Contractor'),
('JOB105', 5, 'Exterminator ');

-- --------------------------------------------------------

--
-- Table structure for table `posts`
--

CREATE TABLE `posts` (
  `post_id` varchar(50) NOT NULL,
  `user_id` varchar(50) NOT NULL,
  `post_date` date NOT NULL DEFAULT current_timestamp(),
  `post_text` varchar(500) NOT NULL,
  `post_media` varchar(100) NOT NULL,
  `likes` int(11) NOT NULL,
  `comments` int(11) NOT NULL
) ENGINE=InnoDB DEFAULT CHARSET=utf8mb4 COLLATE=utf8mb4_unicode_ci;

--
-- Dumping data for table `posts`
--

INSERT INTO `posts` (`post_id`, `user_id`, `post_date`, `post_text`, `post_media`, `likes`, `comments`) VALUES
('1182cd7f-14ee-48bf-9652-dab6889ff4ea', 'ADM-0001', '2025-04-14', 'waw', '', 0, 0),
('2611947b-0068-4a91-a240-cecf8eabb49c', 'ADM-0001', '2025-04-07', 'Gusto ko nlng maging hotdog!', '', 0, 0),
('93682160-1009-48ba-8006-b8409d77339b', 'ADM-0001', '2025-04-07', 'wowow!', '', 0, 0);

-- --------------------------------------------------------

--
-- Table structure for table `requests`
--

CREATE TABLE `requests` (
  `request_id` varchar(50) NOT NULL,
  `requested_by` varchar(50) NOT NULL,
  `approved_by` varchar(50) DEFAULT NULL,
  `rtype_id` int(11) NOT NULL,
  `created_at` timestamp NULL DEFAULT current_timestamp(),
  `typeof_status` int(11) NOT NULL DEFAULT 4
) ENGINE=InnoDB DEFAULT CHARSET=utf8mb4 COLLATE=utf8mb4_unicode_ci;

--
-- Triggers `requests`
--
DELIMITER $$
CREATE TRIGGER `before_insert_request` BEFORE INSERT ON `requests` FOR EACH ROW BEGIN 
	DECLARE new_id VARCHAR(50);
    
    CALL generate_id (5, new_id);
    
    SET NEW.request_id = new_id;
END
$$
DELIMITER ;
DELIMITER $$
CREATE TRIGGER `trigger_name` AFTER DELETE ON `requests` FOR EACH ROW BEGIN
    -- Using session variable instead of DECLARE
    SET @request_count = 0;
    
    SELECT COUNT(*) INTO @request_count
    FROM requests;
    
    IF @request_count = 0 THEN
        UPDATE id_generator
        SET last_used_id = 0
        WHERE type_of_id = 5;
    END IF;
END
$$
DELIMITER ;

-- --------------------------------------------------------

--
-- Table structure for table `request_type`
--

CREATE TABLE `request_type` (
  `rtype_id` int(11) NOT NULL,
  `request_type` enum('Service','Visitor','Reservation') NOT NULL
) ENGINE=InnoDB DEFAULT CHARSET=utf8mb4 COLLATE=utf8mb4_unicode_ci;

--
-- Dumping data for table `request_type`
--

INSERT INTO `request_type` (`rtype_id`, `request_type`) VALUES
(1, 'Service'),
(2, 'Visitor'),
(3, 'Reservation');

-- --------------------------------------------------------

--
-- Table structure for table `reservation`
--

CREATE TABLE `reservation` (
  `reservation_id` varchar(50) NOT NULL,
  `facility_id` varchar(50) NOT NULL,
  `user_id` varchar(50) NOT NULL,
  `reservation_date` date NOT NULL,
  `time_in` time NOT NULL,
  `time_out` time DEFAULT NULL,
  `reservation_purpose` varchar(500) NOT NULL
) ENGINE=InnoDB DEFAULT CHARSET=utf8mb4 COLLATE=utf8mb4_unicode_ci;

-- --------------------------------------------------------

--
-- Table structure for table `reservation_request_details`
--

CREATE TABLE `reservation_request_details` (
  `reservation_id` varchar(50) NOT NULL,
  `facility_id` varchar(50) NOT NULL,
  `user_id` varchar(50) NOT NULL,
  `reservation_date` date NOT NULL,
  `time_in` time NOT NULL,
  `time_out` time DEFAULT NULL,
  `reservation_purpose` varchar(500) NOT NULL
) ENGINE=InnoDB DEFAULT CHARSET=utf8mb4 COLLATE=utf8mb4_unicode_ci;

-- --------------------------------------------------------

--
-- Table structure for table `residents`
--

CREATE TABLE `residents` (
  `resident_id` varchar(50) NOT NULL,
  `household_size` int(11) DEFAULT 1,
  `vehicle_count` int(11) DEFAULT 0
) ENGINE=InnoDB DEFAULT CHARSET=utf8mb4 COLLATE=utf8mb4_unicode_ci;

--
-- Dumping data for table `residents`
--

INSERT INTO `residents` (`resident_id`, `household_size`, `vehicle_count`) VALUES
('RES-0001', 2, 1);

-- --------------------------------------------------------

--
-- Table structure for table `services`
--

CREATE TABLE `services` (
  `service_id` int(11) NOT NULL,
  `department_id` varchar(25) NOT NULL,
  `service_name` varchar(50) NOT NULL,
  `service_fee` decimal(10,2) DEFAULT NULL
) ENGINE=InnoDB DEFAULT CHARSET=utf8mb4 COLLATE=utf8mb4_unicode_ci;

--
-- Dumping data for table `services`
--

INSERT INTO `services` (`service_id`, `department_id`, `service_name`, `service_fee`) VALUES
(1, 'DEPT101', 'Housekeeping', 500.00),
(2, 'DEPT102', 'Plumbing', 500.00),
(3, 'DEPT102', 'Electrical', 700.00),
(4, 'DEPT102', 'Structural Repairs', 700.00),
(5, 'DEPT102', 'Pest Control', 500.00);

-- --------------------------------------------------------

--
-- Table structure for table `service_request`
--

CREATE TABLE `service_request` (
  `request_id` varchar(11) NOT NULL,
  `user_id` varchar(11) NOT NULL,
  `request_date` date NOT NULL,
  `request_time` varchar(11) NOT NULL,
  `request_creation` datetime NOT NULL DEFAULT current_timestamp(),
  `request_closed` datetime NOT NULL,
  `assigned_staff` varchar(11) NOT NULL,
  `request_status` varchar(15) NOT NULL,
  `request_type` varchar(15) NOT NULL,
  `request_subject` varchar(100) NOT NULL,
  `request_description` varchar(500) NOT NULL,
  `request_attachment` varchar(100) NOT NULL
) ENGINE=InnoDB DEFAULT CHARSET=utf8mb4 COLLATE=utf8mb4_unicode_ci;

--
-- Dumping data for table `service_request`
--

INSERT INTO `service_request` (`request_id`, `user_id`, `request_date`, `request_time`, `request_creation`, `request_closed`, `assigned_staff`, `request_status`, `request_type`, `request_subject`, `request_description`, `request_attachment`) VALUES
('REQ-0001', 'RES-0002', '2025-05-02', '02:27', '2025-05-02 02:28:00', '0000-00-00 00:00:00', '', 'Pending', 'Maintenance', 'Leak', 'waw', ''),
('REQ-0002', 'RES-0002', '2025-05-02', '04:28', '2025-05-02 02:28:41', '0000-00-00 00:00:00', '', 'Pending', 'Plumbing', 'hehe', 'waw', ''),
('REQ-0003', 'RES-0002', '2025-05-02', '15:02', '2025-05-02 03:02:20', '0000-00-00 00:00:00', '', 'Pending', 'Electrical', 'No Electricity', 'Help!', ''),
('REQ-0004', 'RES-0002', '2025-05-02', '15:02', '2025-05-02 03:02:37', '0000-00-00 00:00:00', '', 'Pending', 'Electrical', 'No Electricity', 'Help!', '');

-- --------------------------------------------------------

--
-- Table structure for table `service_request_details`
--

CREATE TABLE `service_request_details` (
  `request_id` varchar(50) NOT NULL,
  `service_id` int(11) DEFAULT NULL,
  `request_subject` text DEFAULT NULL,
  `date_schedule` date DEFAULT NULL,
  `time_schedule` time DEFAULT NULL,
  `request_description` text DEFAULT NULL,
  `attachments` varchar(255) DEFAULT NULL,
  `completed_at` timestamp NULL DEFAULT NULL
) ENGINE=InnoDB DEFAULT CHARSET=utf8mb4 COLLATE=utf8mb4_unicode_ci;

-- --------------------------------------------------------

--
-- Table structure for table `staff`
--

CREATE TABLE `staff` (
  `staff_id` varchar(50) NOT NULL,
  `job_title_id` varchar(25) NOT NULL,
  `date_hired` date NOT NULL
) ENGINE=InnoDB DEFAULT CHARSET=utf8mb4 COLLATE=utf8mb4_unicode_ci;

-- --------------------------------------------------------

--
-- Table structure for table `staff_schedule`
--

CREATE TABLE `staff_schedule` (
  `staff_id` varchar(50) NOT NULL,
  `day_of_week` enum('Sunday','Monday','Tuesday','Wednesday','Thursday','Friday','Saturday') NOT NULL,
  `start_time` time NOT NULL,
  `end_time` time NOT NULL
) ENGINE=InnoDB DEFAULT CHARSET=utf8mb4 COLLATE=utf8mb4_unicode_ci;

-- --------------------------------------------------------

--
-- Table structure for table `type_of_users`
--

CREATE TABLE `type_of_users` (
  `role_id` int(11) NOT NULL,
  `role_name` enum('Admin','Homeowner','Housekeeping','Maintenance','Security') DEFAULT NULL
) ENGINE=InnoDB DEFAULT CHARSET=utf8mb4 COLLATE=utf8mb4_unicode_ci;

--
-- Dumping data for table `type_of_users`
--

INSERT INTO `type_of_users` (`role_id`, `role_name`) VALUES
(1, 'Admin'),
(2, 'Homeowner'),
(3, 'Housekeeping'),
(4, 'Maintenance'),
(5, 'Security');

-- --------------------------------------------------------

--
-- Table structure for table `users`
--

CREATE TABLE `users` (
  `user_id` varchar(50) DEFAULT NULL,
  `first_name` varchar(50) NOT NULL,
  `middle_name` varchar(50) DEFAULT NULL,
  `last_name` varchar(50) NOT NULL,
  `date_of_birth` date DEFAULT NULL,
  `gender` enum('Male','Female') DEFAULT NULL,
  `email` varchar(100) DEFAULT NULL,
  `phone` char(13) DEFAULT NULL,
  `address` varchar(100) NOT NULL,
  `profile_picture` longblob DEFAULT NULL,
  `type_of_user` int(10) NOT NULL,
  `created_at` datetime DEFAULT current_timestamp()
) ENGINE=InnoDB DEFAULT CHARSET=utf8mb4 COLLATE=utf8mb4_unicode_ci;

--
-- Dumping data for table `users`
--

INSERT INTO `users` (`user_id`, `first_name`, `middle_name`, `last_name`, `date_of_birth`, `gender`, `email`, `phone`, `address`, `profile_picture`, `type_of_user`, `created_at`) VALUES
('RES-0001', 'Angela', 'Lopez', 'Gonzalez', '1997-12-30', 'Female', 'emma.lopez@example.com', '0956789012', 'Cedar Lane', NULL, 2, '2025-04-02 03:01:09');
INSERT INTO `users` (`user_id`, `first_name`, `middle_name`, `last_name`, `date_of_birth`, `gender`, `email`, `phone`, `address`, `profile_picture`, `type_of_user`, `created_at`) VALUES
('ADM-0001', 'Bryl', 'Brown', 'Gorgonio', '2003-03-11', 'Male', 'bryl@gmail.com', '0934567890', 'Pine Avenue', 0xffd8ffe000104a46494600010100000100010000ffe201d84943435f50524f46494c45000101000001c86c636d73021000006d6e74725247422058595a2007e2000300140009000e001d616373704d53465400000000736177736374726c0000000000000000000000000000f6d6000100000000d32d68616e649d91003d4080b03d40742c819ea5228e000000000000000000000000000000000000000000000000000000000000000964657363000000f00000005f637072740000010c0000000c7774707400000118000000147258595a0000012c000000146758595a00000140000000146258595a00000154000000147254524300000168000000606754524300000168000000606254524300000168000000606465736300000000000000057552474200000000000000000000000074657874000000004343300058595a20000000000000f35400010000000116c958595a200000000000006fa0000038f20000038f58595a2000000000000062960000b789000018da58595a2000000000000024a000000f850000b6c463757276000000000000002a0000007c00f8019c0275038304c9064e08120a180c620ef411cf14f6186a1c2e204324ac296a2e7e33eb39b33fd646574d3654765c17641d6c8675567e8d882c92369caba78cb2dbbe99cac7d765e477f1f9ffffffdb0043000505050505050506060508080708080b0a09090a0b110c0d0c0d0c111a1013101013101a171b1615161b1729201c1c20292f2725272f393333394744475d5d7dffdb0043010505050505050506060508080708080b0a09090a0b110c0d0c0d0c111a1013101013101a171b1615161b1729201c1c20292f2725272f393333394744475d5d7dffc000110802df02e703012200021101031101ffc4001f0000010501010101010100000000000000000102030405060708090a0bffc400b5100002010303020403050504040000017d01020300041105122131410613516107227114328191a1082342b1c11552d1f02433627282090a161718191a25262728292a3435363738393a434445464748494a535455565758595a636465666768696a737475767778797a838485868788898a92939495969798999aa2a3a4a5a6a7a8a9aab2b3b4b5b6b7b8b9bac2c3c4c5c6c7c8c9cad2d3d4d5d6d7d8d9dae1e2e3e4e5e6e7e8e9eaf1f2f3f4f5f6f7f8f9faffc4001f0100030101010101010101010000000000000102030405060708090a0bffc400b51100020102040403040705040400010277000102031104052131061241510761711322328108144291a1b1c109233352f0156272d10a162434e125f11718191a262728292a35363738393a434445464748494a535455565758595a636465666768696a737475767778797a82838485868788898a92939495969798999aa2a3a4a5a6a7a8a9aab2b3b4b5b6b7b8b9bac2c3c4c5c6c7c8c9cad2d3d4d5d6d7d8d9dae2e3e4e5e6e7e8e9eaf2f3f4f5f6f7f8f9faffda000c03010002110311003f00fb02e7968d73c9356c5529f9922f5cd5da0a7b4428a28a090a28a2800a28a2800a28a2800a28a2800a28a2800a28a2800a28a2800a28a2800a28a2800a28a2800a28a2800a28a2800a28a2800a28a2800a28a2800a28a2800a28a2800a28a334005146e148264da5b70c0ef9a005a2a9dd6a36b6eb1f9b3a2f9870b559359b1133a19d708b963da82b95f63568ac793c45a4c101b892f6251d00638a7c1e26d1e6786286fe39188058a9f5a05cafb1ab450b731c8bb91811eb556e350b5b5da2594296e8280b3ec5aa2a28353b4994f932ab63a9a941cd020a28a2800a28a2800a28a2800a28a2800a28a2800a15b72838eb4514005145140051807b5245e665f7e319e3e94b4001553d8533c95231b460f5a7d14011981339da2a336ca54fc8327a9ab14503bb2b9b55257283028fb3f2c4a024f0335628a0399954db1da14003d4d3c43f316c0c0a9e8a039990790c148e3e6347947701d96a7a280e6645e5904b7ad2f95f28152514ac176344649cd0213823d69d4530bb1be4e78ec2811e4934ea280bb1be5e38a36fb53a8a04204f6a5da28a280130324d00014b450014605145001814628a2800a28a28029c876cf137a9c55caa2f83749c7cbdbeb5785054b68fa0514514121451450014514500145145001451450014514500145145001451450014514500145145001451450014514500145145001451450014514500145569aee08524924701131b8d737aaf8ebc3fa22406eefa28649c911077009c503516fa1d6d0d205201af9b75efda2f45b39f52b4b0b29eea4b00c66202843b6bc6757fda33c7d7c649ec34db3b482726280b032b8a767d8764b767ddd36a16b092249957032726b90d6be23784b40b59ae750d62189517382c32df402bf3d353f197c42d7924d1efb5f76591c4d261827d0165ed5cbb3ea37a57509e58e58ac42a12c7764e7009cf2c49356a9bea89e7823ed4d5ff00698f0441b12c2d353bd7eae6388201ff007dd79edefed3f752cb39b0f0aca6000888c97186fab6d5af9b48bfb7e7ed5079da96ec9c82e15ba93fddcd46229d9bec5f6c8825a8321652304819ebde9f207b57d0f6d9ff00688f18cb693c10696b0dfca54c726f77544eff0029ac2b9f8dde39bab9b078898a0b641f694049f38f72f5e60f777526fd525bf4f3c958d5380703a631d8544f1b42d1d8aea6823b8556998125579c856a3910bda4bb9d3def8efc5d7b3ddde5fdf5f3497313456a12631a45cf550bd48ac36d4b5c36e902dddf8bb46692590dd49f70f41b49aa41964fb41935700598636dd4ef39fe11ef4c9a45f2d2f0ea72497970cc261839098ea5aa928f442bbee6ebf88357b9b88f519a3924b180aa981e77788becda090c4f269745d53c45a048cb6123db5fddf96d0386c6c4ce7e51d39ac558b4e3730da1d55c5a615e47da4287c73819e6aa79b0cc92cd2ddce6e23dab00eb903df3c014985df73ea0f0a7ed09e23d3b363e21d252ee2b08dfcf9e02048c51ab91f15fc64f18ebbacd9eb56b6eb67a4cc5edadad256deafeaee14839af10b9fecf55b45b69272f2293741b801b3c01c9cd4b0369cb753090ced0461cc00f5dd8e38fad2515b8f9d9f407823e2f78c344d462f0dea71413c334ab299893e6a2bf3c1af72f0c7c78d0f53b592f2feee0b2481d91e379177f5da18d7c0cd240f0895bce374cfce0ff00063d6a743a335e5a0fb3cff63daa6e7bb06efb4d36931a9791fac0be25d1d20b495b508365c02d19de3e6ae4358f8b1e09d0efe7b3bcd7ada39218d9e4c386e1403818afcd2825811f5089a2bb75756fb1fce548dbf749aaed0acd1db22da4cf788ecd3e79dca3f518a9e462e65d8fd10b0fda0fe1a5e421db5ef20b49b152589d4d7463e307c3a2f650ff00c25b61bee42151e68e37f4dfe95f9a6df63fb50ba874a6fb180a9b5dbabede79e7193c8a8228025b4f6af625aee728616e85467dfd68500e65d8fd3d3f143c12a2e5ff00e121b431c2c14bac8ac093f4adbd27c71e1cd6d15ac356b79cb3ecda8e0953ef5f963e5add45668ba6244b62a7ed73264f9996e0bfd3a568d96a97fa25fdc6a96b68d6d05caca90ac32b46aa71b41523aed34fd9dc399763f5796649090ae0e3d39a7d7c17f0dfe3178c34dd52c7c3dadcff00698a5954fda9f99e3013f8cff1ad7d8da2f8db4cd5e06922bd80aa154dc922bab31fee91d6a1c5ae8568f63aea291240429cf51914b5220a28a2800a28a2800a28a2800a28a2800a28a2800a28a2800a28a2800a28a2800a28a2800a28a2800a28a2800a28a2800a28a2800a28a2800a28a2800a28a2800a28a28028b29374833c264d5eaad165ae9500e40c9356682e7d3d028a28a080a28a2800a28a2800a28a2800a28a2800a28a2800a28a2800a28a2800a28a2800a28a2800a28a2800a28a2800a28a2800a28aa1a9ea76da5dbb4f7120541ea714017a49a38a367760aaa3249af9c3e297c6cb3f0adb4d69a45dc53ea923ec48baf94bdddeb8af899f1e25b99a6d17c276de7180b7db6e8f2aa17a84af9867bd9ef2f751d66f34f5792ed9843bc9608f8e08cf5c015a4217b09cd46eba9d46afe3ef186b77f3584fe34b8363f29730feed09fa2815c64b7535ef9d7b7dabdd4b750612d03b167ebc60ff0008153b5b5ca245a79b01f6b7292484fdfdb8c81f8d0f2cf72cb7f1d8411dad8a08ca8fba4fa93dc935aa8457433e793ea5574b58d6de24ba90bdc0cde31c8039c81ef5283a59babaf32699ad2d908b7c03977c7e9cd1225fc6bbe486212ea0374438242b1ea3d29a56f641f602b02fd8cc92498dbc903e6cb77c629bb7624a40406d8c855cdcbb76e816a471645e18a2121882069091fc5ed4f32dce0dff009918048445e3e9c0a684b909f6312c799c2b1e87bf1cf6a570b5c891ed409e47b7919882b6d83c023b9a613035bc114566fe7062667e492a7b62ac89aedd96459e3db600ede9b720feb9a596f35005af5afc19af8b09318ce318fc295ca21dd6c2712a5896b54000466ea69a1258a39617d3879f360c6e720aae7b52c76f199fec726a291c430dbce4a838cf6cd324ba9a626ea4bf669620122f5da3a62a5b19332bc8228e3d3547d9559ae18756f76f6146d9a1dd76d609e4ca4ac20f2a1b151b0488c682fdb1720f9e413c0cf46a737d99a69addb5495ece0dc60386c138eca7a64d2b8124367a84db74b4b246b99596419fbf8c7001f4a6f9975e62dea59c223b50a8e31f2920ff0017b9acff0038ff00ae32c9e793d72738c54e23b0334118b89040caa6572a4ed6f61de9d9b02dcab7c84965841becb26d23039ede9523c37ef9d3248e146b16791c8fbc7039048fa56528b5fdf8667ca83e4f182d83c67d2a5cda3410ec8e56b92cde71edb68b319b571a832c8baad8158c2aac0cb2856e48fe1522a8422e91469a97f0ac377b4bf42073c027b74a8ede5d3a09a532d8b4d6ee814124e55bb915047f67fb3cf1bda48d7326df24e701467ae3bd2d80bf14b3e4c8d7f0ff00c4b49f2c3601939c61081cd24f3dcef5d4c6a6a25bd9251205fbe81b86c8f4e6a9a20758ca69e5920e6e08c9c8cf53e9533880dc4f3c7a794b59b708119b38edd680277b6862b97d3575946b521643228250b6dcfe62a13712cf08bd9353227b511c704647cdb01e369f6a8fc99827d912d375c86f3370e5c281d280d249e5de258a9b78362cbc6559b3fc5f5aa76ee04ead1c491ecd49f6dd8ff4b45c82177720f1f8d4be5696f75756dfda92b5a40aed6b2329c3b63382bd466aa2adc4596fb1205be522127eeae5baa7d3a54ad6b7922ad8ad8c4b7168d2195b700ec3ae1b271c76a1482c05ad9ec52e85ccbfda66e0285e40f2f1f7b35ad6fa8dde92d65069daade2599f2669ca80a62941c9d99f4aa4ba95e25c9d712c2d842cde418b67eef714c74f5ef9aad0477aa23d351a2cdf189d189e793c0cf6cd3ba901f61fc20f8d2f7f769a2f88e597ed8e8cb66fb389c835f5a4530940c0afc948351d5e3782682e96393498fe564015c057ebfed115f58fc3af8f2ed68afe27d5ad44f35cc8bb80202201d5876159ca1d517177d1ee7d754550d3758b2d5306dafa29d5554b346c187cc370e957c107906b306ac145145001451450014514500145145001451450014514500145145001451450014514500145145001451450014514500145145001451450014514500145145005384117e0afde2a73572ab5bf1787dc559a48b9eebd028a28a640514514005145140051451400514514005145140051451400514514005145140051451400514514005145140051450ec114b1e828021b9b8861526499635009258e0015f05fc5df8a37fe26bfd42db48d6560d374c9846a233f3dd481b96f6415e8ff001e3e2594b69bc25a233b6ab39433bc7d521af9282c493472a58a88208c0932490efdcb1f735ad285ddd8aa4b9572f51bb4c11c56f1ea2d9be19ba3ec4ff1512bc12ccd0bea0ed69680f9476f563d7148aef1c73e6dd5a5b81fba63fc00f5229a527622048508809924ff00ebd6fb1cfb91cb22883ed4f76e6f276195e7217a124d478b332416fe7cbf663b1a73d837b0ab8f7f7735dff69cb6d0b261628a3db845006140031d2ab3c57f12fd85a28965badb213d5f04e47d3351729157ccb62d3cfb66dab95b7c9e719e334d905bac302c5e69b872c67cf40be82af3bdfdc90fb63f274f56e8005fbdc93eb934d95aee356bd7962df78ce1718c8f5c0ec39e282ca60da19c3491ccd6e80018ea4e2801442caf031b872367b2f7a9d5eededd34e1222468fe6b120039c773e8334f69eeb626a3f6c40d0958e35e09fa28a404339b590dac71594a86253f6962d9dc7e83a002a3dd6eb2cd20b16f25cb2c20b1eb8e326ac8698130ff0068aeebd24cc738c64ff113eb4c39958c2da8830da07f28f63dc91c739a9d408162b874fb22d8e66621b383bf1e95618b4a52ee1d3116ded515251c9566f5627d4d5369a461f696bc633b90a474380315222c01d2d4df1fb3be1a4232141f7a2ec0730b846767b24dd74a4c431d01fee8a5922bb5ff00426b344920667932b86e9d1b3d8542c60dd295ba7658b2213dc8078fa53a64b511c2cb3c867918f9e3b2ad5013b7dac2aea4b6d1ac2c442b91b9738f7a642b7d201a746226372ca464296ebd9bb546134ff3da27b994db2f20a82727be0542ab6bf6694e24174186c4c646df5350c762769267dadb2106d01562a3ef73d4fad3e5fb52bfdb0cf0ab5db302130b8ddd7e51d07355316bbadca24a57fe5b67fa55c0d65f6ab92d6b2b40e185b82d839c60734d582c0e932e34c37716c0cb2eee08c91ebed9e95035ccd2b0ba3728b2401510018385e98a9d21dab1c296acd72486383c62a3dd025c4728b066b788012a313863df91d28d0622b3c4bff1fe76dd0c4c14f38cf7a993cb98c9672ea2160b7491e124e15980cf1ee6aa700dc06b339941f2464fc993dbd69eedba2b78574ec4b6c58cce724b0eb823b0148091eea631a5ff00f683fdb3708f00ed608148cf149ba289e3b54d45dad2711b4c06400dee3beda7c8f279bfda51e9d1c76aede5aa1c98f76de99a6a5bde05fece3660cd706378c9fbd8c646dfad0042ab0491dd7997647900f90bc90e4b745f4f5a6c8d0b430cc93ccd74ece2607a6dec41ef9ef57a41757518912d6146d39079fb4e0be1f1b8827af638a697b9809befb2c022bf12c680f2a3b1c67a11400c46d3c5dbc2f2dc1b020918e0870bc1c7438350c6d646cee448b2fda83a79183f2ede776eab92417f16ed12510c6e93994b390086dbd37fa114904d7bb535549a22d62d0a6d600923b657b8e39a13b08aac6c40b278a091b6a0fb4ab700b03d88ec455956b15babd716732dac91cc2d867952785c9efef51cb1dc5aac65a58fcbd4220c4ae1805dfc8f620ad4de4cb279f626fe031588965424e15fa6ed87b938e055211e89e03f8a9aff0080ed56c60b56b88fed3e6b46ed82a8072a2befbf0678db4bf18d81bbd3c8d91603a820f5e86bf309ae260a751fb4a198b2a0c10181db80703d8574fe18f12eb9e0ad4ed9349f10a436d3c904b38e1e33fef834a50bec5a9f496c7ea70208145797fc38f88ba578e74fbb9a09f0f692f94c0f1bb8ce457a806071ef593561e9d028a28a40145145001451450014514500145145001451450014514500145145001451450014514500145145001451450014514500145145001451450052b7ff008fa9988e9c0abb556d8933c841e9c55aa4958b9ee14514532028a28a0028a28a0028a28a0028a28a0028a28a0028a28a0028a28a0028a28a0028a28a0028a28a0028a28a002bca3e267c41d37c21a6ce66bc8967f2dcc51b360bb85c85af47d6350874db19ee646002212335f9b5f11bc5179e38f12dc96b231c1633ca3ae49507ad5463ccc7cca2ae72136a7a85f5ddd6b9797ccfa85eca77b03cf3fe18a6490c48d0d98bc062d81e461d037a67be2a533449335e8b3536dc2448df777638e9555926483eca6dc79f3b2b87e7213dbeb5d7a2492395b7277647b9089e779d81886d846396e71514a238e28825c3196e3267c67007a1a989959bcc10298ad861c7407f1f5a62c92a09ae7c94dd71958c91f77e9498d208d2c8dcbc5717329b48b710403cb63b0f7354c11e5b4ec5fcf63841ce76d5d58ae2664d3d16305184aedc7240ee690cf3b30d471188e1d91a29c738e063d6b32d2b15192ddcc3146b2ecc6672477a51f63496e58dbbb26196004fb719a9b1748ad0099775d2ee62304e33d3f134a526977c5f688447641883c004f4e0f562681954a27931a7d9e46b8670ed9fee63a54c5ed249d5d6ccac11aa8719e59bb9a7c77775196bc17482594ac43804a8c632076c557962fb3ba5afda415650d2107a1f4349b01176aadc17b205e6cf94093f2ff8e2a4f2ccaa91ad99df0e5a6fa0eb403e624972d77b4c03110ee79a1888046eb78ccf725bce1fecf5e4fbd2b95618b20497ed42c10c3c22a1c904e3a9a409388cda9b5065970c1bbe09ec0548b1db4939b737b88130c18e40271ce2aaab86066f35fcc0405a4162731ccc59d608d7eca3f783e9eb9ab286e626694c70e2ef72296e8bc76a8d52d72811d8a3afef6a36fb1f9b2fcb2945522239ea682b96c29b3bc0c2c502170439c633f89a05ddeef8efb30fee3081768c71ea3bd301b73127c9235c96f9bd36d38fd823bb8f6a4d25bed5f332021dddf1d78a0561c86f6066885d46a2f97e7db83804fe944a92248f6ed7a8df6463b581dcb91e8698896ee9700dab6f7cf9233f76a496d86d8563b53b93998f6a0a516d0e13ddc0a9ab45a8c62667f2f682038e3a85f6a6792c244b36d482c536d6762df20cf4dd48f1c292b4a6c8880e15413ce71558ab1430b41fbd620ab679c520711ed2c922b6fbfcfd906d83dc67f868370e83cf4bd93ce9c32cf83ced6eb9fad347263963b418831e6fa373deac10ed70f32d8c6b15d92234c9daa5ba004d320af7296d0cff00678ef1a4b6e1f70ce3711e950a499432f9f22dc23288f04e71ec7b62b465b7bc900d30d9a09e27dfb8f0e411d3e9de9b6c27d8353f22330db958d863866e986fad21d8ab22da07b5fdf4ac1c037191ca927f5a475b4134f1acf23c2bbbc870bd4f6c83eb52491dcdafcadb152f1011dc609fd315760825b954b66f2d7ec3bdd9c7561d7afa0a6162abc31ada292920bd321c820e3cbc75fa8a466d3c5d5aca96d21b50b1f9f193d5f1f3853fcaac4fa8decd3beafbe3deccd0901001cae395f71504093ee4d2fed51a4374f13966c15071f2927b75e68115a3894ef430485e503ecf8ea493fa834f611986145b4659a22fe7b1e41008c641e8477a7892595732de2abd8a0100eec03f4523b82735a11b4b1a45a89be065bc79a39ba1604f0dbfd9b7552f411125c69f1ea4b74da617b0e54c25bbedfef7d79a7c49225b49a7cda60177752472c1311b59571d00ee1a96e218219e5d346a08d6c0095651ca9629b87f3da6ab09da58fed4f7ee6e6d8c490a3124ec51c153db69a6b403b3f0bf8a75df0a6a9a76a5a42ec1a72afdb236626197e6c7ef40afd0ef0278dec3c69a341ab5bcb08f358a340afb8c6e9d54f435f98aa6dd1ed77df318af421ba2a7941bfe6561df1d6bbff879e26b4f0578aa7bc37f2358c49322f95cacaca4053cff00780a528dc7176d19fa6d4561f8735fb4d634e82f21937996b72b02dab05145140828a28a0028a28a0028a28a0028a28a0028a28a0028a28a0028a28a0028a28a0028a28a0028a28a0028a28a0028a28a0028a28a00a566dfe912b01f28abb54ec4012c8a0f19cd5ca0a9e9261451450485145140051451400514514005145140051451400514514005145140051451400514514005145140050cc1412481819a0d7917c5af1c2f843c333c91a07beba6115b464f76ef459bd10ec7897c7bf8933cf24ba26957eb118b634817efb65b85af9842bc718cdc3b4b7858cb9e7ef1ea7eb52cd74da95e1be9e10641969dbaee763939a63964591cc4079c184401aeb8c6c8e79cb998b72b14772d69f6bf320b63b958720b15e715544e70f752cacd2f0883d854855c2a5a8880753bdcf70314c7995ae05c08152240a153af41dfdcd3110bc71030dba4c4a48a1a53d81f4e69bfe8af24ecf23948c32c181d6a5293ac421d8be65d82413d4296ed9a66d95c9c852b6c096f7a863456ca796a06ff003dd8f99e9b714f02ccba2fce6dd0027ddbbe2ad799771a497c420f3f31a7b6570703d81aaad0ba04b42ea012acc7ad22c89440239c989bcc7c88467a50c22db0a2c0e19726527bd4cd24d314b8322e2dd76a700700d23c7282b279e1a4b92c4f4245431a4c60f2cc924be41f2ba47f5a42a45ab442d58ceec08727a28f4a9bca3e635bbdc05487e6fc69eaf2aa35e9b8226f963553d79ff0a2fd2e68a0dad22570449246eb6a56385489307a9a73ac9be593eca104a4845ec29be5602c6276d9272df9e6ada85cb666629183e583de95d772a34dbb954a4f85b4102aba90cc7be08a45dfbd2658d0a2e063b1ad03022c22512334d29018770bef4e3696bbd5632fe48505bbf351ed2c6ab0f3eccad1c97902491208c35d0639c72067b53c8bc9d4229840b4dd2313c6ee3bd4ab6f13072cac1d47eee86b38b31feeddc1fbfc52f6a8a786a8d5ec4129bd748f500635f3708028c018155e382466f259d41600e6b5d2d6dd2e5d92d24f2b680067a91d4fb521b6668997ecade796e0fa2e6ab9e3fcc2fab4d7d965648646125c8b84516c87a9eb53ab3e229fed2035c821fa1201eb49e4b6f5616459231f3838ab3f670e1e5fb2e0499f2d463a9a4ea2e8cde95092e852b9b784c9f62fb6831aed72cbc8dc4555f2f746269276f3970aabdf1ed5d335a4b3db416aba78f31087924ef81db06a46d3e4ca5f43661e24c2b0ed583c4453dcdbea3396b667206de18a48e36b96559ffd67fb35188ad62bab846bb2d1c3b8c2e3eeb11d315d9be9d2adbba4b6e8259bfd5e7f84d60cba6dc4b2bc0b1206b70646c9c671daae15a32ea615b05529d9d999531b492ca1b95bb737ed215963c1cec0386cf4a8ff00d112448d6576b760a5ce3041feb8ad85858eed4d608c45236dd87a02062916c6e4a1b0fdd1dec24dd8e57e86afda47b987d5aa7f2997125a18af7cff003848ab8b6da37027d1b3d062a39decded2cc5b45209c6ffb467a1e7e5c1ad5482ee55b898b262c07d3760feb59d2b4f131b82e805d060c3d33d78aa5352d9913a738ee8857ec0976ccd1cad6bc800f0fd3dbd0d35047e4cb1b4127da4b2b46c3a6dc1c822acc91c88d269ad79118a376903020a960bd9850b7936d17c2f00b885a38d13a31551c30fa62acc58d6787366cb679488299813c39cfa8e808ab26e218ee27996c5c5a4fe60b6473c8e7039ee56a8bb342b188eec15ba8c1982f6f9beeb0f6c66a4463323d9cf7c561b649a48148ca9738240f4dd8a77622c9898c29602d9bed68ccc78f9b18e548f6ea2adc859a28b53fecc4586231452280763c8067e6f42d5423b995c9bc6bc61745c4609ea576e339f61c56ccf324f041a7a5f39b770b24c547f1af00b0ee466ad58464c65e34911ade23f6c55f2589ff005586e08ab3b2f2583ec4b1a86b5499e43d58a6413d3a85eb5402448b70b34ae1e251e4803866ddc8f6c8e450fe5ac30c91cd279efe679abd00e7030476606a897a347d47f07fe2b6a16d7d241a9c502d9dd4ea90955c667d9f3fe6057db76f219123ff006c06afc96864b18b558cc52ccb691c85d09eaac5301bea1abef0f81be314d6bc34b6d773c8d7d0109895b2ee9594e1d52358cb996bb9ef7451456201451450014514500145145001451450014514500145145001451450014514500145145001451450014514500145145001451450052b20419030e7755da834e5f315dcff007b9153d054b7614514504851451400514514005145140051451400514514005145140051451400514514005145140051451400cb8942a1e42800924fa0afcf2f8cbe2e5f1578a1ee2dafc1874d93ecd1421b2378fbcf5f577c66f17c9e19f08dfbdaa96bc7c2228ec1f8afcfd856212fdb7ec9fb83b085cf56c724fbb1ad2946eeed1351da29771c5446b1db2cd849b0d29fa722a066463210e5841b8474ac8e910491712cc148fa5452b06f2d550010e77fbe4d745cc122367db1091653e7c8c43ffbb4d55b6f3cc6d331800049ff006a83be3cdc3202242cab9e99c544b14d26db54505988626a1dca422b232cb21793cdfbb10e7819fe4298c10054dcdce4c9e82a4133b3a4e5536c200c76269ade6aa3167199f773ed9a458d631348e406f2d7841d79c7f5a8c64a70a4c871f954e5246630e53643b9998f7c0a4844b2b09b70cf0a074a99492438abb4894f92f25b84b73e4a2fef79e5989c9357a2b191cbbadbed4762221d4815af63a5324905b34aac6401891c81ed5dd699a2b4c4c924db60b6c98bbe7b7e35e7d7c6469e87bf82cadd55cd5363cfc69b218e287ece3cc56dd2377a78b2067131b70625c00a0719af55ff0084755504e266135c38041e702b457c3d1208ed55ff007600776c7535c32c7a7b367b10cae85b5478d7f6448018c40a1e424ae7a81d78a46d2ee43797e4a8f273e6639e6bdb57428e44924738655db191efc5574f085a6628d2595bce63e6fd3d49352b1fe654b2ba1a72a67925b44e8de7b431bac802a291c66afc3a1c8c12d970242158e79e3debd53fe10db457291233449820b035b36fe16454dff67cccdfc8544b1b73686028c77773ca1341ba9019b6c7b22f93207522acbf862f628f72baa99b38dc06057b841e1fb56f2a2584ac6b9de318ad88745b542d208171cf960f358cb17296ccb7430ebeca3e7093c373164b45bb40c987393d450da05f906e85c2074c2851e95f42dc787609218d16cc79c5c3330f4151ff00642a4cac6c4346830052fad54ee0a9d0b6c8f014f0b4e5c2a5d2fefd72e0f38a97fe11890b79466722d9be41b700e3b8af768b499a269a4368be63fdc1dc0ae96df4e8a611a8b240f160be077aa58aa9dcc650a315a451e3d6fe0d826d344c27912ea65dac01218023d6ad59780ecac25169e6b9b7701dc336ee7debdc23b450cd28b540bd80a57b00e8d1b4485dce73e959ba93be92647346f7b1f3eea5e0db491ee2e5566f3621fba50490d5c95c783f3245e67986798e251d0e0f7afab5ad0c9b7f748044083c726b3a6d33cd5b8778a2dd282aa08ed54aad55b32af4e6b589f32cfe0888c726d4736eb82ad8e73f4aa09e0bb836ecc61912eb7809fee1afa81f4a942dbdb011fc9f7881ce3d2896ce72ff00692b16c40142e3ae29bc4565d49e5a77d2291f2ecbe169edee618440cf1f978b819cf22b94bed060325d116f3329888830063703c57d65368924ece80a29b97dc71dab959fc272cb7aead771086d636280211966ab8636a45dee1530f42b47965147caf7fa15e5ac0cad65219e321dc81fc0477154a592c7edf15d43a7bfd8d4462489cf0582e18647af6afa2fc4964c960f7e6558e5ff0052af8ecfc62bc2f52d2e1b4b9fb0ff0069010cac923b9fba090704fd2bd6c2e2d56df73c2c7e5ca8a53a57e5ec72de5ba0198bfd68063cfa67b53ca3c91954b63be00cd330feee40c91ed405de929698620002ae7ef02d8f969eb29b745962b97124c9224807042b7041f50c0d7a1a591e26a59697f7a6fd6c00b425a209d54129c8cfaf39153da1bf48db4c48104976f13a31fbe38c8c1f7aa7e55afda9ed85f1fb372cb260e376cc8c81efc542248cc26469641708e823e7f8403f960f4a13623612696736b33244469caa24d8bcb00d905b3d7d0d466792dbed376b045e55ea4f0a26321013dbdd7b550cd909ac98c92ba3843743a1fbdf3007be45598cd81975006590408929b4c8cee6cfca187b8aa8c8197238ae1d4e92445bc4ed297ee088f2403dc301d3d6bb2f0478a2ebc3dad5b6b4ba8431fd8d608046cb859519803bf1edfc55e7d9805ba80921bb32386f4d9b463f106aec12dbc5756934111090ec7955c672ea39c7af3d2addeda111769267eaf685a8c1abe97a75fc32078eea05951810410c33d4569d7ccbf003c5fe768e9a65d3932007eca9e91ee35f4ca1c815cd28b4cddaea2d14515220a28a2800a28a2800a28a2800a28a2800a28a2800a28a2800a28a2800a28a2800a28a2800a28a2800a28a2800a28a28021b2256363d031a9aa1b26558ce0e46702a6a06f76145145020a28a2800a28a2800a28a2800a28a2800a28a2800a28a2800a28a2800a28a2800a28a2800ae5bc4de25b2f0fd8df5edcca123b585e47f7da2ba899b62135f18fed0be2149eeb4fd0adef1c10e25bf8d3af95e8d459bd1171b2529be878d78dbc73aaf8e35597546ba78eda426086db27845fe33eed5c775616be7911261bf102a546891a4945ba2c4ecc2303802aa88dd956df60f30bee24f4c75aeb492491c929733b8c695dd1ee1e625976aa6eebd6a2708a2144918b480b4bd80cf4a9259c4b247208d4471a84c7af7c9a89d9957ee8265dc47d3349bb0207688c926e7731479f2c7a9c545bc850c326566c7e02948670b1800797966a4dee0b5d6c1b5b08a3f0ed49b2c6e603346accc2118f31b1de9b940257647cb644591db348bbf6880757c126a596579d55c95c5ba1006303af7f7350c686e6368e341113213990e3b62b62cad63b8b80e90930a851cf76f5acc8fce0c25cae6762bd0715e97e15d2c5c5ca59f9a9b11448cd5c78aa9ece1b9eb6598655eb2e65a2b33acf0ef85c241be780b4d281b31db35e9b6ba20448614b652b102cfc0e6aee99084b71202bf200178f4e07e55ba91840abe77cd21e6be72a4dce4db3eb7e0b28a3192c0a196e9ad5482711afa1a62e9ac2108625f31c82c71daba1c2e761725507151871b1dc9f9cf02b265a9b334599608c625d917e44fbd594b678d4b8452d31c0f615671110230dc75352c2c8cccc58e14fcb4581c98456a5f645c7072e71d6ae2425d9a61b4283b54629a806dc2e77375ab11aa065ebb547eb49c48936c725bb2868b8cc9d4d58fb28ca83c2a74a6a639720e79db57036703af76a66326efb90989d7120700b76a71806045bce3196ab20a13b88f9694636e36e58d04dd94bca5daeed26760c28a9a1836f47fbf8cd5b0b193feaf815381fc5b793d2b58d8872189082482ff002a7a77a8da0408cfb98b13c55d507013f3a716e0b6060569646372918906d5c9c1fbd5198222f23152540f92aee08e31cb53f69f9402004a760b995f66555e012ecdcf14c6b6899e25f2d8c68327eb5b0d91f3f1c8c0a68421045bfaf534582ecc46815524611fcedc4759d2d947b768b63b81cc86baa239c923e41f2d567429993cd1ba6f94d43a77d8ae768f24d6b498c3cf73f6257b5557511b0ddd470457ccbaeda5e224f6371a724374f2ef8fd7602720faf5afb8ef34e8aea392d5df112f248ebd2be7af881a04f2eed696ed835bec8f3d3eee14102b4c35574a69346d28c7114dc5be87cd7329492197ec6acb6c5567c74720ff0017a67a554768c4b34bf652229f7f90ac7ee8cf1cfb56c6a36a96c600b7acd1dd2837047621bbfafa81592600e97399c98a0c88db04ab37a0f4cd7d253929453b9f1f88a4e9d4945ab5984c268e2fb04b6e8b2c52336efe2008fbbf4a923798187505b78fcb81e38d87666032370f7039aaefe59b613fda58dc990ab21ce766386069716827893cd6fb3b6c2e4751c73f88ad0e72c6d9ed9044c90e2fe3475247dd1bf820f6e4629425c4ca6d0aa66d56527a038072dcf7aac86dcc3722532348a145b11d386e411ee0d05adc5bc050319897f373d3afcb8a77f213341ee2f0ca7523202ece5092a3ab260e47b8ab6b6d3c72c5a635d4456e841379839003ae54eeedf7b9a87769f25f1fdccc74f25c47bba8ca7cb939fe16350c202803c92d70ec82323dc72315ac48d8f4df877ae5ef87b5fb1bc7b90d1e9f108eda12e0077b894291ee4024815fa3fa65d0bab48a724fef06706bf296cae85b4ba74c2d778b5b88659f8ebb1f77ebd2beebf855f136dbc5305d3dcdb3dab89654589b9e15874acea23684af1b1ef74508495048c1a2b000a28a2800a28a2800a28a2800a28a2800a28a2800a28a2800a28a2800a28a2800a28a2800a28a2800a28a2800a28a28023b18f31a83c6deb52532c941890e78c649a7d00f7614514500145145001451450014514500145145001451450014514500145145001451450014514500626bd7bf61b09ee8bed58866bf32bc4ba95c6b1e29d7f509ae771bdba91811ff003cc3154afb7fe3578ae4f0df87a6956032461955c038cefe00af8213cd75b89664fdfdd3b38f4058e78ada8ad5b157d29c237f31c70e5d1a402384165aacee597ccde7cc6e3de9cc599426cff57b8bfe14dde8ade798c6d66da17df15b9ce42426f5883610e371a6fc9b269198e541118a5647c0b703e7620934c72640085012104103bf3dea24522362bb63da4976c9907a0a7bb5b34bcee11a8e3dce29a0346a1c8044d90b482290bfd9c01c1dc7a54943576f92c58b79b91b7e94ae225318543c293251e7348de7b11850a807b0a94c6c591091fbd5c9a82e31bd8bd650879f7f94761384af77f0568eeb1a816c4cecca59bd8d79b786f4d33dcc619b29065abe86d055a389ae739965daa3e8bdebc3cc2b293e447d8e5586f61454a4bde68eaed1225dbb63c2220073dcd5c54c1919946e704262abc0a3e58bcc07232d8ab230724b72bd2bc93d16b5b89b4801028cf058fd2ab6e2de64a106c1c0ab592aa32d966eb4c1b4b0566ca0e6812dc544609b4a0cbf7f6a9e146dca8146d4e4d461d0fcd925ba28a994282bd7de828b48a725b03e63560c44111f1d324d42a50b6704a8e9561718271f3b50c8912aae79c8e2a5c11d3f8aa35da0f4e075a951ba92b8cfdd1423268722b7dd2dc0e69e3fbd9e69a093f2e3e6ef52e7db8a04ec3c018c6efbdd6a5017925f85e95101c631d6a61d863a75ad231ee65201caa9ddc934ec0cedfe1ea693711f30036934b960a538c9ea6b4321fc6093f85387200eff00c54cdc491c8c2d2827ae7ef55201e000dc8f9474a5e8bf7793499c6133c0ef4b927e607a7154488541c7cb903ad34855dee631d38a772b84cf2c69e704919e16802a3c5c0455c31e49ae33c43a58ba60e2d90db04c383d18d771292b870df3138acebc812422d849942371ac6a276ba35a3371923e1df1169b25bfdaada7d3961b89e42570c58283c82b5e6d3a5c469259ecda6176693dc8ee6be91f88fa220bad475437520f24c4b690f670386af9d6f42036f3091ccb2ab79e0f639ebf8d7b3974d4a16bdcf3f39a517c9522ba5995259a592692f0c0a2390ba85c7ca323a0a196e618cd83a20f31e39831f75e307d08351b2219190be2301883f85440a181b25fcf0ea14751b306bd4b1f3962e0967b958e5cc63ec30c63d18857e0fb919a86547555b8ca62e1a4c28ed83d292416e7ece6157da234f3c91c07ce0e3d8d317cb0d312081b5b61f7069dc45c4fb43eeb2f380405e4c7419db93cfbe2a6135cca45ef9eb9b73044a4000f4210e3bfdde6a9a953084589cdc091cbfba6dfe94f2627922616e163508ae01c8240c13f8d5a259751de2c969b06e30643fec96e6bd4be18f8b2cfc39e24537d7aa2c2049583842ee19c8c85f506bca23c451cc1ed7719914dbb13cafcdf787ae7a54c61175125aac6ab2a248cce7a9c73cfa62a9ab8465668fd62d17534d4b4eb7bc898949d4321ff0064f423eb5a35e53f0975d9fc45e15b2d4a4b34b788a4714688e187c91a835ead5c925666cc28a28a420a28a2800a28a2800a28a2800a28a2800a28a2800a28a2800a28a2800a28a2800a28a2800a28a2800a28a280196ebb625cf7a7d32104451d3e81bdd85145140828a28a0028a28a0028a28a0028a28a0028a28a0028a28a0028a28a0028a28a00283c034512b048d98f4028047c87fb4aeac12d74ad1165e6ee712483d92be522f93bb3cc6005fc2bda3e3d6a4750f15dad8f5b98b0e3fdc604578c3baf981b1f2ae370ae9a4bddb915dde6bc91092147079901df5136ddfb0b6634e454dca99884ff005a18283daaaba9f96203e7524b1f5e2a8c866e217cc2e7cd2c31f4a8e5c0c043f2900bd485ddff007ec8368da9c74e951e1914a91cc9ce7daa594868d84386cf4c474c1f74019df9e7e94f259d31901600c7f3a10b005f1f7bfa8acd94488a81c1d87cbc0cfd6b46ca34db286819a423f75f5cd52815f021cf1904d75ba65bc7215998f3182140ea6b9ebd4e48bd4f4b0387f6d515d9e8de13d2da6fb2aac4df27331edf435ed36089110cb0fee940da3deb8af0cdab47196662a673cae3a715e8b6d122f9716f1b4609af9dad2739c9b3ec95a318a5d8b6aa426027ccf526d3b80da30bcb7bd354fcdbb774a56e001bbaf5ac2c260c4ee2768c37029987e1303b12697192df39dabd28dc719e4134b9409d061b2000aa29e51b230012e6a31b728a4f039352e790dcf1d2802d22be42e4617ad5a07077e7d855656000eb93d6a60cbd48e053b3218e0922fca48c1e6ad28ce49230bd2ab87f97241c9e953ab7206381d69a4843c65413dd8d4d8e8bb870298083ce295777dd0b5692ec66c9410dce791d29e781d7af5a8430c921785a78c8c13ceeaa56643d495429ef955e94b8cf3dcd35092768edd6a5c96c91822aec64d5836818c74ef4e18f4e3b519e832326979cf5e05310bd00f9793d697209cf6029727ad1b7a2d3248b91bc84e4f4a728380a17b65a8e49273d3814bf77f8b9718353ab0184f57dbc745a865562a63503cd93bfa0a9ce3705cfcabcd441810d213f313803da8690cf39f1a59433db19a4b642968818e41c3927001c57c5fa9db4d652dd9920454b86912318c800b71b7dc1afbbf5db5492ccdbb3bec63fbe6eb81d6be36f1a6930596abaac1997c94f385a31e8640db8e3eb5b65f5142ab8bd9958ca6aae0e565aa3ce25866c0b7601658d9f77af155d9e5052ebe5cc6c89d07503d2a79176db866726793e623a9c7ad31bec5f6a830b21b6c2798075c95e4035f449e88f8f6843f69b75f286dc5dc68c4003ee9391f4a6bb4ef08b6665db017603001e7af34c46458e6568c97609e537a60d0c03448154f99f397fa557620b2249913fb444ebe6c8f2c4cbc6794c138f7069042ab3416e670124f2c97eca1c77fa52ef805c34c6d9becd87554f43b71fa134c8959b11f9799599361ef56896598ff788cef3edfb3aa8890f71bb381f9e6ac798136ceb7389672eac3ba64e33f8e6a0409e65b9116e488032fa310dfc88a9fccf2fed12fd9c185f788c1ed93dbe9544ad19fa25f071b4aff843b4a83499c4963102148e7f783ef835ebf5f337ece12b41e13974b1b33fda32cdbfd99101afa66b9677e66745ee930a28a2a4028a28a0028a28a0028a28a0028a28a0028a28a0028a28a0028a28a0028a28a0028a28a0028a28a0028a28a0048f98e3fa52d09f7128a06f76145145020a28a2800a28a2800a28a2800a28a2800a28a2800a28a2800a28a2800a28a2800aab7a7fd1a4e71f29356ab13c492bc3a45cb47f7c44edf40050543e389f9afe38d41f53f19f88350f3c338b9f214039c2c4a1722b9675daca9bf8600b7d7352cb711dd6a57f7c9094496773b7df350e090c39dcf8aec8ab45239eabbd49bf3199cefdcc7e407601f5aa8c4001b277b31ddf422ac3e48caffcb3eb5033f2d211c3138148942158bcc2093e5002a1de36b6e39932028f6a93071e5fbe6a33cfcfd36f152cb1a40dbb79ee5e9d90bbb20ecc7cbf5a4c95fac80d49ce047d55726a19712dda46ecca8149735ea3e17b259a449420db10e7eb5e716458159f3f37415ec7e19b12161895f3e772d5e5e365a33e9327a6b567ade9516c569446304612ba68e22b1c69b3e7acbd36265c067f9221f9915b8320efcf2462bc67a9eeb7a8f48cb7cfb46169a63704e5796e9529c0c286f9472699bc9c9cf4e05458069572db71f7704d3c82497da3d0534b6deff3375a7e4163e8287b0313ca7c851dc8ab4a39cf185a814e5777f11a9a22a485c1c9eb52844aa18e0f76e055af2482a990477350a30539dbc76ab1bb207cbc9ab6d325ee481093bb3d3a0a94823827ad22924f4e0538f3927af6a1123c2e78ddc2d4ca30b9cf5a8979006da9c1f6e2ad19b2131f45c9dbdcd48140e7774e94b93d31d69d9c638e169a4436228c7d5bad4c00040ec29824e037734ef9f3b78ab466c72ae727bf6a9028f947e748adbb27b0a9978c64f26ad2224ec20419395e31c5294da385e49a9075ebd297b162d4ec8c5c99094c76e2a221b05b0093c2d583fdccf350e4316e78149a2d3bd866c2a1540c9ee6a2604b87c0c2d4a3e40ef9f998f7a864c6f450df20fbd5932d146ea29248594005e760066be68f89fa0cdf6ab3481a20b690dc4f3f42c189afa7a4c152e49c818415e49f10f468aef4d015e4124a4999c1e5509c9ace32f6756323a29bba707d4f8c67f319e4bd68d079c5f00702a17b69e375b26650ce55fef7192322b67558ad12fae92356302798231581b06c7ca9f359c63af4c57d552929462cf91c54796a4a3d98f264962f38c899b5589141eadcf6fa5465dd43c824c34c1c301e87ad492c50836a444db362193dc83cd3633021b9dd1332947109ce0820f04d6c7289b4ff00c7bf9df202587a648a559244759e3936c91150a470411de9cc84fcbb72fd4fe552968da44658b089b54fb9db54896362550634f3f0b3050e71f7466ac811b192192ebf771ac850904827b71ef50460a803664c80797f4cf5a94a16531600281b7ff2aab9173ed0fd9b0469e1dbebb7571772df4c9f50b5f530e057cd9fb3979f3f85ae35377ca3dfcc912764afa4c67bd734dde474ad828a28a800a28a2800a28a2800a28a2800a28a2800a28a2800a28a2800a28a2800a28a2800a28a2800a28a2800a28a28011380052d22f45a5a03b85145140051451400514514005145140051451400514514005145140051451400514514005729e35bb8ecbc3ba9cccfb76dbc9cfd16babaf30f8b53b5b782bc452840db6c2e028f7286834a4af35e499f9d5324297da8428e1a1f3dd9580e064d54de4e5c6770e945ba93060ae599f76470318c702973860e1410b8e2bb95ac8e397c4caef83b40fe2fbf5149b04ae013b1785a98f1b863efe7150b6e6f931ca139a8771a4464ee191f7b34802961c9c6466a42d8db301d4e0545e595ca31e580350cb4467925b047a548bf36c1fc59e6976f04e7ee53a33860d9c6f26a0d21ba3774c81a5983153b06062be84f0a593456e84c5976e87d2bc3b42b677bb86dd5b29bd6bea1f0e40d1da4123b7214aa8f519eb5e36365bea7d7e5d4f928276b33a4b58c108a5391f7eafaf259b6fca3a0a8a2528a70df33f5f6a980524a6ec85ef5e59e8d840ae5766deb4f0bd0fa75a552150396fa52165ca8cf1d4d215852a40276f2dd2858891b739c1c9a69704b75c0e9423f1d4ee349a653264ddd48e070055854c7a65aa30ca581c6540c9ab11c8a724ad4d886d21eaa54819e95380c72d9e4d0a470029f7a90632491c522072fcbb5777e3521e79cf4a6e383c734fe8056a84281c75a9722923e41623ad3f04e055d8c9bd469f51d69db7a0c9e7ad3b3d68f9871dcd5a443601173ec3a53f1c7fb540ce00f4a77bd34aec863902ee5eca2a703ab75f4a873f753d6a656f7e95aab23196ac900f6a0af3bb1c0a553c673d69e738c035564644432010472d516d00aa80303ad4e48fbd511e303382d59c8a5a8c76ea71ec0540ca4854c7ccdc93569b69279f956ab96e19f71c9e82b365c080a65f8c6c402b97f10dbb4ba6dee1417b989e351e80d75640276e3b026b32efc868ee65901db12155fa9f4ac671b9bc24e328b3e0dd77477b6d426d2d67dcf6c934ad9e08c0dc16b966ce3ed5bf95db81f857a8fc48d3e0b3d66f5630ff6bb906590766af336862628bcf96a82bdfc1d4bd389e2e674d2af2b2d1a28b2ca0242d28db2853f4e6a3d9c489bf2220c7ebcf6ab791f669d5a0ccb2aaf967a10030391f5aaec9945545f980264cf6e6bd13c692b029658966dff00333b205efc01cfd39a558c0616eb3663764663ee07f4c9a42c9e63b14cc79240fa8a7142a046202666746523b0c1e2a96c430440cb23799c441719ef9352b02b6eeca4f98e1f38ea28daf208f0a176280c3d71572d6e64b1984e2dd5cb2b28054b75e0918ee29892d4fbdbe067f663f852d8e98b20b504b0deb8259892d5ee95e7df0d34697c3be0cd034999144d05b2f9a5460126bd06b9a4743e814514548828a28a0028a28a0028a28a0028a28a0028a28a0028a28a0028a28a0028a28a0028a28a0028a28a0028a28a0045e40a5a07418a2800a28a2800a28a2800a28a2800a28a2800a28a2800a28a2800a28a2800a28a2800a28a2800af3cf8a1669a9784f5d82472b1b5a4b92073f76bd0eb8ef1dc4d37873548950b6eb793763aedda41a0d293b4fe4cfcbfb53883d1800a47d053982a9500fca403f8d499227bc62bf7a665503b638c526de898049ef5d8b548e37bb2b1c18df24e47dda81b808c09dc49dd53b82caccbd13ad42ac53b0c38c52b9488b8c9e4edfeb4cee7775a90a9195eb83d682780e7a8c0c52ba292631997e43c903ef0ab96d079b202aa4863851f5aa9863851fc7d6bd07c2ba2bddbe4950b19cfe5cd71d7aca9424cf4703869622b24d68b567a1f82bc31fba89e584173b5871dabdd6d608e2d8a130aab835cf68103416c1d986480a063a002bab8c70885fef726be7aa4f9e6e47d8da308282e84c98f98edebd2976052a9dfbd3b2393d97a5231f943e7e66a8129344878c31c6d02a0e4718e5aa5f948514646493d474a761a98d0b9c0feef5a55e496c633c53f600571fc5d69e91ae724700d1661ce3d5380a0e2ada2f23daa209804e393569541200e83ad438dd9171e80f5ddcb54fb73c67a5463819c7d2a604900639a695896c50bdf3f4a76d19c13d69db79fa52814d233b805029e0e3bf34bd8528f5ab4886c42013403d4fe54e39c7d693a903d2a843e9cb8ce7b0a67352007a66848862a8e7a73536d1d2a252412d5373ebd6b55a98cb71e319cd498e318eb4d45e79e829dce339abb1931a7a8e381517206f23af4a98ae7e5dd5113f313fc23a5459826348cfcb8fad44c73ba5c0c0e14539be50304ee62454642e428fba9d6b3b3bb35890c9bf1b148f324239f6aad7311918a00be5c7ebdcd582c114cb825ce028fad43322ec5879c924c86a25b1ac6fcc8f943e2de9f7363aaa6af23ab0bd26d631fdc0b9635e2528db987703f3060d5f527c5fb08e4b21a83db13059960bfefc9f2d7cb77513c0ccad09129707fe0256bd4cbe4a506bb1c79a425ee4fa3456918b83233e0c400403db9a81d5a240de6e4ce1f23d067bd5cf9005609b910ab49f89a8d8a0696668811245288c9f5cf6af591f3f5237b91ac51c80c7bc2aaa16dc7d5474fc69212c156e239d96547429df34a55fca5842fef1dc9fc3153c1204782e0c4192164ca91c1ab4622945fdc207243a86761d41279aecfc27a6d96a7aedb24c1becd1cf1a08c0fbf236301bfd9e6b92b459218d9f664483082bdcbe05e8573aa78a0a4f6482dac1649a763d4cacc9b40f7506a9e88a8a3eddf0fdabdbe9b6fbdf71750e5bea2b5e88fee8e00145723dd96145145200a28a2800a28a2800a28a2800a28a2800a28a2800a28a2800a28a2800a28a2800a28a2800a28a2800a28a2800e94503a0a2800a28a2800a28a2800a28a2800a28a2800a28a2800a28a2800a28a2800a28a2800a28a2800acdd62013e9d3c647122153f4ad2a49d41864e392a682a2ed247e56f8934e4d23c57afe9680ac56d72c225f63ce6b109c02777cd5eb3f19f4f363e326429f3b032b37a83c015e52caef20217ad7545a715a99d685aac925bbd0802c61939383f7854322aa92074ec6b51b4eb95e0ae0b55092271953fc151ccba3b94e8ce1f141a5e6533d3de9bf28209fbb4f7e3e6e39e29a463080f5c1a77425d4b568bba451d49e95f48f82b4add67037923702598d7cefa50dd74a491f2d7d77e17b6fb3e950ed705a4af1b3096c8fa5c9a0d5294fbb3a7b78502fdcc20e055f5184c639a8d2305d620fc0e4d5ae1433b1ed85af2ac7b2e49f413ef9181c0eb50f9ea0927183c01556f2e96d9517cdc6f3cd707a8f8861376f02484f95b48ff0081038ab4ae5460df43bd9afa38be4fe2cd564d660794f2b8518ea3ad79bdc6ad2ac39f34b4addbbe2b24de3abe77305ce4d6b189a3a2923dce3bd8dd410cbf3fdd15752446e030e3a9af9e13c5cb0cb704b49f2128a08f4ad8b0f1c44db544afbdbad374b4bea73cac9dae7bd06e37eee0702ac270402c0e4579c69fe25b794a969098d6ba6b7d5e2906ecfde1c5438b44f43aa14f03186cf26b2e0ba4900553d3ad5c49c72f8f97a0a968865d503a669fb6a0597ee8c726a6f3323a74eb41973324c0a538cd30498c71d681e9e94c91f4c3806824804d2827183d4d01b0034e19c77c9a6e4938ec2a443deae284c91402471c0ab0a3be393502f619e7a9a916500924fddada295d5cc265909f2aafe7536d18cf6aa9e7aaa825b96a799e338512702b55ca73b52d0790704639351107a63814d3731ed67ddeca2aac9791e1503659bad4492295fb13e4a9327049e82a22b8da8a0658e4d664baa5aab4c0c9f2c60d225f21883f26497a0f406b2946e6f14ed72e124b993f863a858baa299305e5dc78ed4ef32332244a3e55019c8e83349b918b4a41c26553ea6b09a6689eccf37f883a54bab699f618dc6103cae3b315e8b5f236bb0aadcb5cc73a4819c226390768e7e8057dc9adc425b0fb3884b4b317df8e36a91d49af90fe20e910586a76d1dad9186cade011b38ce3ccea4135a60652a75d46f6b9a62a2ab60a6adaa3ce0c6ca9242b280b3aa163e9839a376f4daeff00bb854f96b8ea4b64d470cca23903231674554f6e69ed1b30db8fbb9dedec2be911f28d0ac8caa675704f99b00cf3f7739a92d61b76bab68669b6c0f22990e3b0ebc0aaa24c379a1308490b572389e42b098c799215743d302a88b46e5990456ead2f9a42afcd1f71b473815f717c15f0e1d2bc2b602780437f721e7bb7db877694ee1b8f7c2d7c8fe19d1af7c5ba9d968d022810c0f24e42f489182b29f4df9afd1dd1ad92dad8158162e30117a2a8e0014a6f441751ba4698e05145158121451450014514500145145001451450014514500145145001451450014514500145145001451450014514500145145001451450014514500145145001451450014514500145145001451450014514500145145001451450014372a68a2803e3bf8fbe1a79e7b4d5137798a4ee0075535e31e06d16df5d9d2e9b8b785d4495f7af8bf458f5084c85158018c119e2be629bc2e3c1363ad45070d712b4ea3a01e805635aab8526af667b396d08e27174a56bf7470be217d256e278a15398e4511f1d4639af3dbdb0f39d5d149c0f9b15d6bc4d76d24990481f9d693e9c6db4b698901dc115c94eaba6d6a7d0e2708aac5f342c92d19e353c412465fe1ec0d552a718fe215b3716d29694315263ef59afb8624fc315eaa77499f195697249ab1a5a16d7bd8c95f946735f65787d5058c0cc98247cb5f1de85030d4ada35230e79e6bec5d10cbf66b605fe54518f7af171facd1f4794ab615fa9d4a200157673de9d23a800edca814c495f05f7724d4ae808d9bbea6b811dd738cd6e39a6827554e65fbbf4dc335c69d26542479638eb5ea32da8977163f74fcb54a5d3e3604004b13cd6b15647453ac92b1e74d6ad8494c400036af158da946f0c4ea63eb8af4d9ac38f2f1b51462b9ebad224b80c6453839039e9546eaa2944f05d4d99a67dad928483591f6992262ea483dabdaae3c1166f30d898cfdf238ae72efc12a864d85b00fc84d6d1ad0564ce6a9869cf583573858b5ed422c442e9b6f538ae9f4ef17ea30b0925ba242295000ac7bbf0c4d0b9411b6e041183d6a949a5dd29f963240ad5d4a334b639dd1c453de27b9689e3c80f971c93ed671debd2b4ff00105a5d7c89382abdc57c8d6d1cf6d3032c6db4e71d0d753a5f882ead6448d23c22b927d48ac254e3ba358c7997bd1b33eb286ee3917787e7b55f8a65e137139eb5e37a3f89da621c80130302bbfb1d41e40bc0dcd5cef414e93b2563ae565393e9d29e1948072771acc8a72f91c00a326ac2cb9058f56e945cc5d3f22e6572064e052ee04123af4154f7385094c694e33bb85a64f217895f940ebfc54e12c6bcf65aca7bb29fc7966acf9efd95cc4660020c9354a4ee1c97b799d01ba48d0938ded542e355b58df0cd844c1735e65af78acd9413dcadc6e9012b1a8af20f13789efa64b5b7b7d4df7cc19a46419c29ad22dc9d8b587b2bc8fa0eff00c7fa359079269970c08880e726b9c6f8a3a622088c804db03383ef5f33959ee67899fcc97c8c842d96ebf5ab634cbd66339b4732cbed93c715a2496f217b24ef6a7a1f487fc2cdb028b379abb17a0a9edbc5f05f9758e5512cb8db5f370f0edf0b958fec8e1302472170a2bbff0009e85a889ae2f2e60746e23849fee0ee3dcd0dab5d48708c5c6d2858f79b6845c0f278f901dff4153f9d3c7289f686507628edd31597a5589b243179f23cd29cbe4e4fbe6b7d628de50aaa7ca4c026a19949453d06c175708120661995b24d6d23f9cce8ae36443f1cd6088a558cdc18dbce964c44be894eb7b66261b70ae17cc324c7d4d66d126d4b9114d3672d2640f6e302be74f8cba7bc16763124a0a2e66b83dc9afa32428a6594c64c7121da07f402bc6be2fc537fc2277e90db937170f1a3f7654c8240a885e15e9bf32b7a55636de0f43e4247ddb662460052a2aeec6318dafcc80eefcea9226c944470562001eff76b42dcaa79f3345c3a9087dba9c57d2ad93f23e6211729ca2d11c702c927d9d986c48d8803a64e4d7436fe1bd62e6c26d4ece0f37c99228f6ef00e08dbc7b035a16fa0de2ddc564b105bd5775939c8e9dc8ec0577be12f1a697a55ddd25d69acd6ff00e8e913c7d328bb391d800335cd5312d3b455ec7b387ca60d5eaa7ae88edbe05f856279def668e4174a233364f63fc35f5fa7b0e05701e1092ce4b35bab28e302ef0eaebc6f5e80d77c0600adbda7b44a478d8ba2a8d7a90ed276168a28a47305145140051451400514514005145140051451400514514005145140051451400514514005145140051451400514514005145140051451400514514005145140051451400514514005145140051451400514514005145140051451400dbe8e39a32ae3800d7cb3f16034109280b3bfc8057d51382cb815f33fc6359618a0bb4e1525543f4638ae0c67d83e87875ffb6f2f78b4785e9f123dcc0983b09f9eba0d6ed5de0112a11b46064753507866c26bbd4238587cac32c7b822bd235db28d21675036a0c11dcd79f29f2c8fadab34da8d8f97f50b46b6de814b313f39eb5cf4e14374f97b57a4f886c3c87fb46fe2501587a1af3c78f7dcf92cd851debd7c3cd4a176cf92cca8fb3ab6b5afb1a5e178cb6a90a81f313f2fae2bec2d253fd1e25d982a39af953c2d013abda32824a498fc2beb4b48cc5127cc732726bcec6bbd6f91df8283a78748d7470406d9f2f6a9f07685db92d55e21d173c2d4cae76962707b572236681d0e47cbc2d4046c2cdfdee9523ca8382fd4726b2ae2f628d9dcb7caa38f7354e48b8c5b7b16644253677acd92542599b0028ae4f52f15dadbab379b993db3d09c579dea9e34c33aa4a4460e1b9a9519cde91b9bfb3e4579bb23d665bbb78d5f748a4b7358379a95ab2b6265dabc9ef5e07a978baeaebcc28b2336085392001dbf0ae4e5f126a6e3687e879aea581ad25d1184f33c2e1deedfa23dc6ff0052b75324de62e7381935cd8d4adcb90655c3124d791beab78e72c7afb9a9a1baba6e1a339ed5aac04a2936d18acee8c9d95397ccf5d496da72096042d4f0d8dbbb365b04d79c586a4e8c30318eb5e83a6de997e7f2c36ee0563520e99ea50af4f10b45a9b9636fe448b0a4ac631839f535e8da65eca8a1da46249c0e2b80b29370da13e607a83d41aecf4e799a4dfb06c51800d72b9b7a5cde74f4e87a2db5c2b2801b93cb569a36feac703a572566f3aa9e9bdfa0f4ae86112b855070140269aea79f38f29a664d8bdcb1a85e40081ce3ab533cc623777e82918311b3a96149e86650967e25708dc0f916b8bd56498a98846fe63fa0e48aee8c6796246d5ac5ba5da2494b0323fca3d85439dba9b53b5ec91e51aa69d75a89b6410325bc7d588efd2aba787ed6dd1d5e0cc92f0a4d76f768e1921f33083e626b83d6fc4367a5acb72f386f2d8a228e493ed429d49bb451d52708c79a6d24bb9b96fa5e9d17931476c0145f9f8e82bb0b086c08337908100da9c0eb5f35cbf122ed259bc987eff04d5bb5f8a5736afb0da334083e4c1ef5d1f53c635f09e7cf31cb936bdba4d3b6c7d5f0d95bb5b790204124cc0938e8076adb8ad207640b0a0484727d48ed5f30587c66b64469678a412160a13a903d6bd274bf899e1fbd68ece3d523512756638353ec3114fe283325568567fbbaf1773da224282594a289252557f1ab3f67388e0ea7ab9ae3b4af12d86a2659d2e51ada2731c4c1b3bc838ae922b95dbc39f366620554677dcca74e68d000b4ad3165f2a21800fad091ba239c8f32527f014d1f6676f250131c454b9f56f7a9125591249b04f5083d715ab6ac60ef7d50c2a0148b3f220dcc6bcafe2979afe19d52fe3b960444e21441d72b8c8af54910bc462dbf34b90f8ea05707e3d16cfa16a1be00d05b43e62eee1729c8fc01ac9b4a517e68da9b7776ec7c2914221d88f26e2e0331cfad751a7247209ee1e4444b78f7a67a71fceb185bca2c93285a7645e3f8b3e9cd77be02b09b51d72d6cdad57ca86d9dee838c602367bf735edd59da8b77bb3c9c35251c4c5723b3dae7abf84340b4d46c2f6f5de54ba9a7788a8fbf854008c8e9d6bcf357d01341f100b10cc56368e673d963fb8807fdf24d7d27e16b236d36a57af0feea495cc2806011b1573f98c5703f14f4bf2638258edf7df4e50aa81c7ee9d43648f66af254ddee7d3e1271a988853947d0ec7e0f5ec2960f6e2462907c96e09e83cc62d5f4445d064f35f2e7c2086e9b51d44c9711982c4451ec55c664e5c935f515b96652e7037735e8e135a6cf038929c618f9da36ba57f5b0ea28a2ba8f9e0a28a2800a28a2800a28a2800a28a2800a28a2800a28a2800a28a2800a28a2800a28a2800a28a2800a28a2800a28a2800a28a2800a28a2800a28a2800a28a2800a28a2800a28a2800a28a2800a28a2800a28a2800a28a2800a28a28006af1df8a5a54777a45d02991b377d1979535ec55cd789ecbedda6cf0700b29cd72e2e2e54fd0f432baef0f8da135fccae7ca7f0e19649eecba1122c6300f515d4788350b75cc18f9d4e5ab07c1c25b6d4f550e0a98cbc5d31d0f1597e2c7905cccdbf99ba9efc578d52d399fa038a78895f65b1e7be29b9491244400a9194fa8c9af372923648525c1edc9aeb7520c64911893e574f7ac38c3ee0e0739af5e85a34ed73e6f3283ad8abdb44924759e0757fed7b57084a2afcc7b64f4afa8ed9b28199325ba57ce9e0c8036a8b0efc2ba57d136443725f013a0fa579f897cd3b9dd087251844d84e5768419ef5393d5f0368150202067772f9a73201f26f38ea6b94832ef653129c81b9ba579e6b9a9b006345e118efaef2f61f3a37f99b91806b90b8d0034a4b02770cb1a85b9df87705ab3c7f5296eee8bcc91e03617e82b95b3d1def75286de79485dfcfa915f438d02d492be5e540e0567a785ed76071091286057d6bba8d554eda118c853c4c6ce6d14a6f8756cfa4dccb132968e038e9c902be67bfd3dec9dcb9018bb02318f7afb674a94c319b7b85062db8391eb5e39e35f87b05edddfea1a7efdd315db176dd8af469e269db567ce56c0556e492bd8f9d3728e31d2bd3fc251ffc24b35b5b7d876f94b869141a834cf85be27d42658a48045cf2704d7d45e0af09e8fe14d3c82b1193661dcfaad6b2ad49c5fbc8e4a786ab09a728347cc5e2bf0c1d1f5348a20c125a87489cdb3ec67e17385af4bf8937697176f145106720188d796dac6eb751874e41e6b8252e74f63e930b4a749c24e36b9e8fa7b6630d9f9c9c8af47b011b048b770064915e77a5ac8c55da3c210306bbfd2d5d004c0cb735e6495a4cf5aa3d0ec6d523da5c027070b5d15bc0a0228ce48f9ab26c95d806046c8cfe66ba8b30eb1962065ba55c59e5d6934ac47f6580f40c5452f9118427612cdd2b5d22f902d0ebfc5fdd1c55f25ce5f6a739711042aa10e392d5cc4e15e4691a1c28ced04576f7103907e7fbf907dab9fbdb227869b11c6327deb0953675d0a89c91e63e29befecfb07486dcbdd4e091b7a815e36747975457bb9a027c8f99c7500919af66d66dfcbfb45fcb306dc0a4609fb83dab334cb6b0f27ec31cfb849ccac7a92d5d387e5a6ee746220ea53692ba3e5b91079f70db300b1da08e9509456dabfc3b86efa679af47f17f852e2ce7bab9b3dd25b21ae07ec37a0a8fb3ca5dce3054d7b74ebd36afcc7c6e270556151a549b5e8764d65e1ed77c47a55b6836f2084246926eeacdddba0ae8fc51f0b357d19e5bcb58838922cac4a3bd765f06bc0b241aa4ba9ea72848628f31c6460b3d7bd6a36cfa899e458f11f97b213eb9ea6b2ad5d457bba9be1f092e65cd783bdfb58f933c15ac319a1d3def3eca9601a51c70596be81f0feb9ac476a6eaedd272f33794ca300ab7238e6b9ad43e1159acc9b279f3712979f6d69dbf80eff4ed5adeead3559cd85ab67eccdf74fcbb4d7935b9252728e97dcfa8a338fb18d29d48cadd4f59b291bcb8edc3e6497e7735b311dc32cc0088015ca69a1a3479240e2697624591c85f6ae99507ee6020801497c0a98dec8f3eb28f33b77260c635f3723cc989c0f4edc5723e2cd306a7a3dce9ed2a88d9099bdd476aeb73c99da2c05dca991d0560eb91bfd8668608035cdcba91919fa16ff65693d5134749a3e1b1b925bb7f314189ca2a839da50e39ae9bc2133c1e20d19219b74b76d2fda1d8fdc8f2a5bf16e013d85626a68edaa6a9e4da9486290993239de7a963ea7d2ac787e6bdb5bb96eade3432c9094b60e99da4b0c9fae457a97bd1ff00b74974e71c542367772fc2e7dbd602d9da20b3131c6c58638c93cfe55c27c50f2a3d026d47cddb2192dd216e4b842e0b6cf76ab5e15be964b5d2ec72b2ce214fb4480e4647deebf4e33567e204cc9a52ca89108d6548903fddcb74af32f747a786a52a7996193ba6e48cdf843a5c421474de15d8492a93fc593c9afa462c6381c0e95e6df0fb4a9b4bd06d55c379d70048fb94291b893838af491c015ece1a3c94628f9be20c5471599d7945fb917cb1f90514515d078614514500145145001451450014514500145145001451450014514500145145001451450014514500145145001451450014514500145145001451450014514500145145001451450014514500145145001451450014514500145145001516a702bdbbfa918a968907ca40ef533578b45424e328c97467cb5a969cba678d95e35616f3c444a72301c118ae4fc63686196e6e0c6764ed98cfa700115eadf11f4b9f623dbb6d9f7eec838e05726e90f88f4e94990078721a31d9c57cfb4e3397933f47c356f6d428555ade0933e7e99565c7cbce72455bd3b4c46b9ded18d98c608abba868f75613ac841659091f77a56a68b18b9bd82df7fcb9c9aea9546a3a317b24df34a28dcd074afb2ddae61dac7a362bd7a04da10ede9d6b92b4b33036edc728db573f5aec604c2469b8e5b935c9295ce7aceecd31f4fa53f69236e064f5a6a05fba4fdda97e5c6ec9dd527332b98cb1dc1785a6342db1f3b7e7aba500c004e29362c9bbaf1f76958b4da48cafb1fccaa31f2f24d30c796663db802b6bca18c7f113cd44f0231c3292ab5571f3b30a4b22f95dea37d576d2a53d25c05ea4d745e4a8e761c9e99a6b441b008c7ad2b94a5e661dbd8cd186737192c7818a5934c0e863798953866e6b5c400127612abd29bb1b695319c9fe54d37dc96d5ce1b54f0fdadcbef7270bc29f515c1ea1e18b48190a312ee6bda2e23cf017851cd7297f657121772bc13b631436d753ae8d676b36717690242c9192428c57696300502404ee3c0fa1aa2b63286108407077371e95d0da42e8564c0c018153bb359cee9dd1b9671aaf9718271fc55d6db6c2377f00e16b99b54751b38dce41ae9ad431213f853ad5a47975db3513a7b9a1d1723d075a744588ddf80a5756c05cf27a9ad96c79edb527a9499010cc54f3d2b3eead51d7caf2f39e5ab6b3cb73c2d412a1c1c37ccf49c6e8d613699e77a9e8f0b6f985bab2c6bf2a9e7935c88d13ecfb9150f992b741d857addcd96fdb1f9d8553b98d604ba78fdfcbe737270959b8b5d4f429625f539087c3c93b942a4c718dd27a135a76de1d815e5b9163112e3118f4ada8ed4c4be5994e641f31ad3403230c7cb8871ee69aba1cea4ba0b61a2b411c36c00f31f2f237702ba748421ce144702607d6b0a398a28903b7992f031e95746e630c0858e3e6958f3f87d6b553b9e75584a4eee48b2576a330c067385fc69cb6ab848037dd196e3ad22794fe64f82c10909dc67a559d9b1005277c8493dcf34ec9dae8cdb69a4995c46c26fb4ee18452129eb1cb1c31ab3832c9cb7b54fb11e5540a4a4580df5a616505a4dbcb702a64ac98936da2165dcd1a1931144093ee4d675d2b34175399be79b089d820c6062afc9f332401397c973e8054371b1fce768ff7698c29e9e99a8b3348349a3e4ff19786adacb559acede6775787edf7ae4925324808aaa3f8bb0ae6b42fb29b89ddd0bfd9d952156e0127925bdfd057d35a969e25b3ba9dad43cd7abd71fc00707eb5e23736a6d8a5a2205580b965c61b739039f722b68d5928f29eee179711384acae8ef7c053a996589643e696701475d9d147e86bd1bc4967697da878774f2aef12ce6e5d3195c40320b9ec01af3df86d6b24935f6a8150c264fb3a6deb88973fcdabd5e2b79ae354b6b550090c92ccfea39e056508394d2b11985554b12e7195bd9c19e8ba3c2b0da46fbb7f0420f6ad6150dba8558d4001514015357bb0568a47e7d566e752727bb6d8514515466145145001451450014514500145145001451450014514500145145001451450014514500145145001451450014514500145145001451450014514500145145001451450014514500145145001451450014514500145145001451450014514500711e2cb159acdc9405abe5f733e89af5cb428e63775f390e769e00c8afb26fe1134272057cfde23f0e95ba9ff7a0f98e5f9fe11e95e3e2a0e151cba33ec320c5c5d39519bd0ab0c563aa2c9235a29528366e1dcd70fae5a2e94f6d25a40a932c8ace3d5335dae96a6091a232fc89cad3b58d320be85dcb9dedc0ef826b8dc8f6d4f96724f619a7ea76daadb5bdec70ecdcbf3ae41c30383d2ba3b6276062a32fd0d79ee83a2b68f2cb6892b1b590efc1ecd5de5b636b6d90a843c0f5a159b7667256df435d39f948008ea6ac47f7b7ed1e82ab2a708727e7e4d4bf206c07e0516398b3ca82b8e4d3e2504f6c20aae0705c1c93daa61b48c0cf3d68b307b13f50cfc64f41519427038a7a281d4703a526303a72691230ab1cb17c6c3814c640573b86589352b8e8bb781c9a300063b3e828195982a8085beed562e73bb760f4ab0c09c295f73f855694e096319200c0a0b51b94a544c6ddfd7ad674d12484b193217a62afb9621936e1dba545b5feeedc051cd2378ab58cb102236ecfcee47e55a11c2830a010abce6a603ac8c8a7b0a952362a881464f26845364f6a5325bbeee2ba784a280801c9e4d73d6c8e5c3e0048eba1b7dfb4138dcfd2b48ee71d7773563c119c70295b1f89a23cec0b91c50c4e4b71c56cd1e67da630807031c0eb4c50bcb14fa0a7f7ebd68fc7a50b72cad243855509976eb54de01e706f2c6c8c74ad439019cb727a541b14148839c9f99a89c6e8a849aea64aa36ddef1805ce141ec2a458b8112c6300e58d59744662c5ce1785a88a80a0866f32438f702b23ab9ee90f403799b036af0a3e956151fcbc000bbf5a8d1630c6307f768b92def52c655834bce7a25544c64efaa45a45c108b8da829df3e0c9901882169aa89848c1393cbd4e3612495f913a0ad91ccd90b21411c00f24ee6349260991b236c4b52edda19b665dcf1ec2a096346d9195ca020b8ed532d822c8181dbe68605e5e13e86aa5c402710dab3064560f213d090381575c8677b868fa65631edff00d7aa1732182344da0395cb9ec077e6b37a1bc139348e7fc4bae5ae8ba75e6a531de6023cb40465989c719af04b7d235bf10ea117d955e11a889aec4b2a1fdd2bb00a0faf078af6cd26ff004ff11ea57934564cf6d6537d9bcc946164923e5b629fe1527ad77088b1234a615df203818e8295dd99e9d3c4bc145c214ef395b5672da3e91a7681a7c56f1cc23b4b4185278031fcd989aea3c3d1072f70410ee4e14ff0a8e95caea7633eab756365c2c504e934e471b980c8515ea1a55b84fde796aaa005551d2b7c1c5caa5fb1e6e6159d3a127295e5337624d88aa3a7ad2d1457b27ca0514514005145140051451400514514005145140051451400514514005145140051451400514514005145140051451400514514005145140051451400514514005145140051451400514514005145140051451400514514005145140051451400514514008c8aca4115e6de24b403ed0c539230a6bd2ab1b58b23342cc5470bdeb93174bda41b4b5477e5f88f61888b7b33c0235d928554fb8d86cfa56909e26566080ae30056cea1a62c24b063973cd73925bb427cb0d9541d6bc5b3d9ee7dac26ab2ba641248c032edc135a3653333ae1405415912481623212589181496371895600f82cdbbe8284b50ab0f74ed6176e588193d2a620fa0f5354e329d72709d2ad1da1770277362b438922459496de3017a54ff3ede3196355c04e140c8c649a955979639c8fbb48a2d82c30b91f2f5a79248dd9aaf80768c73dcd2820f38c8ec2a5a25c45627a6e19ea6a3de5b92f80b4f008527612c6a2601b036f03ad4825722762118893e66e2b3a63b7086424002ae4b9019bcacf185acc73232469e58df9c9a0da08af2c99dce24e9c29a687f95532493c9341f99f0506169e15872231f374a0d6c48bb7277b1d8b5323864041396a817cd24461065719ab710f9bcd38c0e0504b2fdba20655c929d5ab6edc824b60e0702b26159000b900b926b6e1df94070154735b40e3aecbf1801071c9a1fef7dde00a542c46ff005e9438270b9adec79df6991138c9c727a53c8ce063eb48dddbd3a5332547def99a8b15ab24c8625b6703814c60554aed059e801738ddc28a4ce72fbb24f0b405885d7732a08d42c6326a03bc9695900cf0b5618052137b127ef1a66d46249276ad66e1d8da2ec91180fb447c65b926acab13972a0246a303deabe0a26413bdce3dc54de526162e768396e4fea69c6360996223204676c6e73c7d2a539f963cfdd396aadb97995c1200c266a4c0d8130db9fae3b0ad0c1a24f33ef4a48c745a818b001378cb724d0c50c8571f2a8e950e4052e632589f973499518dba0e3b5c905be5415cd6b90dc5d412886f8c12cc5234930199467a229e327d6b79a31b7ca44ea4b39f53ef5540df3994c20c510c2313cb391ce076c5633d51d14df2494bb6c55d1746b3d2208ece0e091e64a7dc9c9627bb13d4d6bc9b0e5f7e4202aa3b536312ac5b7629966d9f80f53fe153b2891b62a011c39ddf53cd35122551ca77948ab6b66566055ff7d33007d85777044225118625571c9ee6b0b4fb7662f72ca304911d74e830a057a985a6a14efd59e3e635dd49a8df6dfd428a28aea3cc0a28a2800a28a2800a28a2800a28a2800a28a2800a28a2800a28a2800a28a2800a28a2800a28a2800a28a2800a28a2800a28a2800a28a2800a28a2800a28a2800a28a2800a28a2800a28a2800a28a2800a28a2800a28a2800a28a2800a28a2800a28a2800a19438c1191451401cdea7a4ef590840722b80bcd3a48c94f230ffc47dabd8c806a84f6104fbf72f2dd6b8aae1232d627ab84ccea50b296a8f02beb4950b1588797b78ae4ac06a11ea0d1cb172c49461d36e6be9493c3763261083b45729af78734fb78cdc229575e148ae5783a90bb3dca79d519c79391dec7356accd8c01851c8ad1490f2cd8c64015971a041852dcf5f6ab7118bee9ced1d2b0b5ae6919dd5d17086c6ce01cf3528de4e7230b506e5c827393d054ff29c2e38c64d4b2b989817e5b70e4d0081850e2a1c825b8fa0c52e3850532c7ad481615fe42fbc71c540fc646f1f37348e173929f28150b7dcc84f98f4a19704453320c932e02563cf2820bf99f331e2b4265665c08fa72d587348c6466f2c6d180a2b26ce8a71bdc0bc6a550c985eae683731b167498951f73d2b2a669910c6aa1a47ee7d0d6958dbbc9267647b23a69dd5cd5c128dee5d84821719f31cfcd5a710898ec20ec5155a38e5477936afce30a076ad0891cac711c67a93d2aec8e5722e41b4b17c1dc4e1056c443185c13eb59d6e0e5a4e309f7455f8f7e0648dcd57138eabbb65f8d9412707681c529fa72d4c8d0960a1b85e4d4ec8c019375741c2dae6dc8b3838c703ad4593cb15e0f4a91e32709b8007ef5376a9c92ff2a522d34309620263af5a467c9c84c469c0a6bee5f9b79cbf41e951e5388f7fbb526cd146fad894b1e7e51b9f81ed4ec312a9d02f2c6a0c83ba4663c7dd14f42a046327cc7eb9a2f70d89c705a52000bc28a995182e0e373f24d44044cd839d91907d89a9832f24e727eed518498edb9e0e30951832a0693729762428f414e60a36a0563939734cfdd7cefb711af43432579afc088ab03e52b8cf573de9a240dbe4dc36a703ea2861841f21decdd7daa168e279122f249441bd8f45cfa54366ead6192bba4402ca0493f19ef8ef814d8f6caeb1472858a3c9cfb9aaf3b1f265ba4b76777c24000e4e4e062a58ade611a41f67dceee59b3c6168e56fa1a5d25bd99651c8469d8f2702251d79e326aca42240b0ef2c643b9cfe3fca9f142f238222f9117a7bd6d595a4aa0bb46017181ed5bd2a3293d8e2af888c22ddf52ed9db82dd4ed4abb488a114014b5e9a56491e1ce4e726d8514514c80a28a2800a28a2800a28a2800a28a2800a28a2800a28a2800a28a2800a28a2800a28a2800a28a2800a28a2800a28a2800a28a2800a28a2800a28a2800a28a2800a28a2800a28a2800a28a2800a28a2800a28a2800a28a2800a28a2800a28a2800a28a2800a28a2800a28a2800ac9d6ad5a581c840540ad6a4740ea54f4349aba68a84dc24a48f159e0b885f0c07ef09c7148aa78538e3935d5eb76281ddb046cfb95cbf923df71eb5e5574a326ac7d4e1aaf3d38ea8b0bfdfc8c7414ecb821095cb74a85550118076ad3b0b82c50e7b5731d4acc90b648c4980b407661bb7f2781501209c79647ad355c64b6c271d295d9459775c2a7982abb3e033ef185e948ec0201e51dc6abb1249fdd6e8c75a92e3b14af652003e760c83f4ac49892c07da06c5eb5a53b9daede56327e506b2e55771e48881e416158b4da3ba97731ee1da5908139c745c5773630431dbc31c6fbb8f9dab9db6b6292999625d89deba4b47905be028df274156b44159b71d0b9984316df955181f5a513c0abf7f2ec6b88f12f8a6db428b648417890b95c64902bc82dbe346a1f6a679f456f25b0916c5cb1ad69c272d9687154e58594ddafb1f50c53db12137108a39cd5b8eea352656f4da82bcb346f1326a82354578da4019bcd5d85735d8dade99ddd848bb2253c0ee453e6717b132a125badced12e14055d879ea6ad8ba88e49076a8ae3a4d40c3009d665fde74279005796f88fe30e97a25d1d36dad2f2f6780e676081147e2d5a465293b44e4961efabee7d022652bca618f4152fca7626071d6be7ad0fe356917ef236a2b3d9389162891932097fa57b75b5c89557138df20ddcf5fca9ddadd112a0d2b9a3290a7795c0e8b551d5d32857e66e6aea0495c8326563e73ef50491643cace77b702869b2213b3b10a172ebd36a75ab31bb28690afdee16a01180cb186e594935346b131dccdc20c2e781490e6d35dc9b0c76c6067b9a94b63748d80ab502ae232724b3fe14e7085d539d8837337615aa6ac8c5ad47ee9406e46e93f414de5888cb2844eb4d470e249369c6711fb8a6bafca23553e63125c9e8ab49b0490a1a4c99ccaa3190a2a2dbc98565c3310cedd7ad3cec72bf2fee235fccd3634246ef28ef7c614f515295da2ae927d0ddb1b612c996c6c89781ef5b0b68b86971f330c035158a089238c47c01f37d6aed7ad084525a1e156ab395496aec42b022a2a81c0a9b14515660db7bb0a28a281051451400514514005145140051451400514514005145140051451400514514005145140051451400514514005145140051451400514514005145140051451400514514005145140051451400514514005145140051451400514514005145140051451400514514005145140051451400514514018dac446484301c264b1af3999a40e5fe501ba57ab5e4226824439c1af36d42d6286e25ce70a3e5ae1c5c3667af974f4713382bfdcc807a9a50e7efee1b5698080a320ef6fe54e08858028428e4d79ef767b4ba11bb3b124b0058d1d491bc0dbd69a79c92a47a50632c000bcf7a4cd4692194c865f602a19085021127dfeb8e6a7c0de5fcbc228c0a85cb0438b71993f1a834465cc1662cc26215338c8eb554428a37b48db9f8fc2b5cc4c7627924043934e5539f34c0a5492145091b29b4ac669b7815c42b249e5040c48e0126b1b50b99ada1bab9b5dd21453e5c7d3273d0915d6bc52792215894331cb1c7414d687077045da9ea0500ab59ebaaec7ce3e24b717f7507dada6596670ee0024000722b434df0d69b24e662ee228d46cc2f56af679f4f9642f2c90424cbca8c038155534e62520f2d46d39724555ce875e0d5eda9cbd9e8aaabe6450ce677ca2ab7423b60574d6ba34aad1c27cd08096902fdd1dfad74768a537cf9195e17b9adb5493cbdaa7e69383f8d3dfa9c753132ec8cdb5b187734cf0bba467118718008ee3d6b3b55f0468babc0ef269db6f651f34a1409066bb040df74cbf2c3805bd4d5a0ec0190b659b014569138d57ab095e33b1f376a5f0e4595fc3f60b2792da2f9e52ff312c0822bd63c3167a8d8d88f3ed97cc6e115460015dcb40193c9f371bce5cfb7b548aa9c10c4469c2d5593dcd6a63e7561c9282bf7278548448c2e1bab1a9fb83b46074fad468708adbb97e94fca92137f03ad6aad63cc6f56465655fe01b9ff004150ed3b82e0613afb9a9da41b1a419383818a8b6e30809dce4ee359b4545f98fded82edc93d29a77e3cae3749cb1cf4a7054690825bcb4efeb5183fbbdd821c93b7e94ae8764f61e5d99b391b23eb8a3748b187de37cbf2a8ed4d654263882923397a792993215e0676d17135a0d6424f90b260000b11c1ab16b995ccde68d8a76a81dcfae6a885021282222699be6cf500d6e69f08794058f1144a06318e6b7a30e69a39ebcb969b6cdf850246bea793525028af48f0deac28a28a0028a28a0028a28a0028a28a0028a28a0028a28a0028a28a0028a28a0028a28a0028a28a0028a28a0028a28a0028a28a0028a28a0028a28a0028a28a0028a28a0028a28a0028a28a0028a28a0028a28a0028a28a0028a28a0028a28a0028a28a0028a28a0028a28a0028a28a0028a28a0028a28a0028a28a00186548ae235db59772f97b70bf33135dbd666b5668f10e09ce777d2b1ad0e781d384abeceaaeccf2f791f7190fd053b69e632fd792453ee228e296450184687e5cd448c9b18ecf98f4fa57912566cfa584aea2c45258f2dc2d21f33af9bcb9a70550ea027ca065aa4dea5ddc47c73b6b2374ee4047484c807f11a6332fdfde703205484642af91876fd2a1203331f2fe45a0b4c858a12a9e6b65892c6a58d610e54cc42228a88af560832dd01a9761dab1a4632305b9a4f4062861b43963b9f819a7e2163e486273cb54a37f32320daa30050a8e102ed1b98f5a57667cc56711317918b854e17dfdc541e42208f787699c8de47a5696c95f0a7004796a8c2ca4bcb904b7453d8551570820b76936804220c91ce2b44141134a15b3d12a28a3936470f9c06796abf83cc8641b1074cd5233995f0b911ec6ddd5aae46e8599b61c2e36d5266750c77aee90f63c8157a08dc958fcd52140ce0d5a66525dcb0385c6cf9dcd49c921027cabd69aa410d20901ec314f5500040e72c72715a1cec787c334853d853f120554fe26e4d4642973f3fca941f946fdc4b37029dd916b938218e71f2a5447cc50ce4e5a43c67b0a89d5788816dbd4d355a363248c49118c27d6a5c8718f52660cc04231b07cce7a533cc627cd38c00028a84f036ee25dbef50445ce5b11a28cfe15949ea8b51241bc02378dce7a9f7a930e5b6efc088658e3ad42ac8419b61dcdc45f4a564042a6d396e1c8a69dc4d3bf61c198abcc1f93c28f4aeaac62648d54b649e4d73d691a4971bfcafdd47c20ed9aebed63db182457a7858e9cc7998da9a288b45145759e685145140051451400514514005145140051451400514514005145140051451400514514005145140051451400514514005145140051451400514514005145140051451400514514005145140051451400514514005145140052639ce4d2d14005145140051451400514514005145140051451400514514005145140051451400524e372114b435034ecd33ce35985964f2832f0773560ee39ddb863b5753af46aa430525e4383f4ae5818fce00212a8bcfb9af22bc529b47d26164e54d306041555930cfc9a01cb637f0829bc2aee2bcb676d2385c0411f3fc55caced88cf34e04bbfa9f96a0daa42a79840ce58fa54873bf3e50f2d4615698eade595117cf27e948d08c95f9d8c842a700e69a25455fbe77be3207a53d860ec31a954e5b35c8deebffd9a6e2e6e205c1252250786fc474a5745c20e77b1da24c8ce13ccf9107523a9a57ba8a18e49a42d91c281cd79fa78bb4b312469a8dbb3b619be71902b0e6f1fdb196468ae62d914790b8ddf355a8c9ec9971a1795af66cf527bfb35080caf96196c0c803dea949e23d28069374ad1a8c210b82df415e2d2f8cee1d1d96689da6248ea8306a21ae3cd1c16fe748a90fcecc79f988c0c9ea69f29e852cb7fbe8f5d97c696f69e5116b3c92cb81841d3fde3d856ac3e31d32ee6fb3f933c7e500646653b7f035e0336b8eae9334cbf22ec552082d572cf5dded6d0890b4ce77b7650b4ecce9965749a56bf39f43beb96491998c3263f8063ad429e2094e608ac1a391f962d81903ae49af34875690a319d912388e502b9271d724d566f12b441e6de5e49c858f1f393bbe94d45a32fec97d60e47afc7e26713ae74f7fb3a0197f9704fb56bdbebd6cf12bb80af31f957ad7894fe2841243611c1712e23df2ca10e54d4bfdad34d1cd766de75817e55528770ed8e0f53ed4fdf4613c95357945c4f7e5b98e4f2e24fab5466e46e3288fe4e838af091e29b3d0427997b3a3ddce432925f6838c902accff167c236f225a9d4e4cc3d42c4ff00a9a7791e656cb2a5192fe57b1ece67750a9b479b31ebe94a59d982023645d7dcd79568be37d2b5c93ed96cd2b6498e157383b41c6ec7b9af458645658e10c4b6dcca7ae2a1cfa339a58774ecd9a5e64ca1e7180ce38e3a521f306210549600963502985e570776c886073c6eff001a7fca06e218c9274f522a756676b742cf9a4b172e36a2f148d23f971e0e5a43851512a440ac7e59010066f427fad5d823592432984b60e100fe95b53836d2329c94137b58dfb181be48f78213938ad6a8ad6110c60606e3cb7d6a5af5e11518a47cfd59f3cdb0a28a2accc28a28a0028a28a0028a28a0028a28a0028a28a0028a28a0028a28a0028a28a0028a28a0028a28a0028a28a0028a28a0028a28a0028a28a0028a28a0028a28a0028a28a0028a28a0028a28a0028a28a0028a28a0028a28a0028a28a0028a28a0028a28a0028a28a0028a28a0028a28a0028a28a0028a28a0028a28a0028a283401c5788c3042c1b96e05711bd9488f7007ab1aefbc428a537329dab5e70dd4fca433678af2313fc567d1e035a312e972d862410830bdaa3259137f9a37ca718f4142aa90abb3e403e7e6a42a98dfe563b2573b3d04ac4048c63770bd4d44ee544926f39c7ca33c54de590a06cf9cfde14348092e6201540a8922ae65dd4abb3c92e40941de4139c743d2b85d5adad6f19a36327970862831f78e2bbe977ec957cb1e649f741acbbbb3b867f25624f2d177b9ee6b33ae8cb94f053e01b29e21335b913cac0ac65b68c669dff086c169730431da6e8b3bdc13d1abdce08258b3390a15be45e2a67b291a168c2c7bdc8c1f4e726ba63525ca95cde12a4a57f6714fbd8f1cb6d174edb23b5a4921e4228ca81ec14576563a0e8836c4ba790e583480d6cdd6917253cc4f282c59e8719f6154d63d4ad09b81221671b571d07b7b9aabdd9e9d3ae9a5668befe18f0ddcb2acba4a185500c018fcb153daf82340817cc1a42190e76337270d4eb7b89d0c5013f3e417279ad78b55204923ce8ab09c004fe829dd232ab571117ee5476f5189e1ad26168a2874b881c9791b03a918ab49a2d8a5c3cdf62882a8d912840318a7b5fb2aa47e7a89a771c9182a2a61761a47852752b6cb976ef91d49aa535dce475b12ef7a926fd4d2b7d1ed218423dbaf98e32c08c63daa59acedbcc8d52d42a44bb8e3819aab1df2189673720efc08fe9eb9ab9b07c913cb932125ca9eb439c59e7ce7579bdfa92bfa99cda7dbc9f6895ec636f319845b947cab5857be0dd1ef2d67b69348b679277596590a824915da04899d8bc98444f94544c80a3be4ef906de3fba7d2b0a8fb111ad3bb5ccede6cf28d17c36ba6ea6668ace38adadffd5638dc58f6000af52b37b95b50c5024939214fb66a21656cdb6df9291eddd83d31d326ad288f77da1b86552b171d01eb8ac5277d475a7ed15ae692618792ad8098240ed9e6a413487cd94e07cc1140aabd362ed6f31d86ef618ef5301112dd7621e7dcd6c91c6edb96943ab24391be42096f41dc574da6c2c5812c36ae7f3ae661c6048233bdb1807ae0d76760889046aabd3a935e8e1629ebd8f2f1f271859752ed14515dc78e14514500145145001451450014514500145145001451450014514500145145001451450014514500145145001451450014514500145145001451450014514500145145001451450014514500145145001451450014514500145145001451450014514500145145001451450014514500145145001451450014514500145145001451450072fe238d9a070ae3e5f989f615e6b216c49387ebc28eb5e9fe20e6074d84efe0fd2bcda608b26027c89d07bd7938c76a87d1e5bad14429c0f29a5ff59cb54e18b3603e510f02ab005b7311cb0f96ac444392822c6deb5c699e8b5bb137c88a5fce059ff0e0d43322b79712c871b72e7d71eb564eddcefb46de8b4142176797f3b0e69b624ccc6d859e40d9e30bef8a8de345444c1cc870ff004ad2084b2111aec8d70dee69acb288e460abb9f2133ef51b9add9445ada97e43f951e0819ef8ed8a89d82c6f212fbc9f9463b1ad031be1223b432805aa072eec6525022615455ad077bb28e51b644b1b1c9cb0a493ca255cc44c518608bcd492adc2204122f99213d3ae29ec8c57ca122797182dc0ea69dd169b8eccca10c690f16ae6e247e481fc1ef4d11a2c8856d31145cb95ce3e98adb85a6563379e9c921075a7ad8b1096c9281bf991c0f5e4d173455a6af7919b14d292f2369eaaeeb884f5201ab090ce02446dbe63967c1e9ec715716cf7b1944ffbb806172b827deb4a0b710296327ef2438cf739a644ab3dee53b7dc24120b24f2a251b73fc24f7ad887cc58f2221be51c7fbb4a208f72db24a4aae1989e4fad4e123f9e62e7006d896839255399b63d55c958c80513afbd1bdc992531af50169c1142a20660f263791d7028c46cf2a962238f81ee68b19df52a949446b0a852d264b1270054a81da4c6008e11cb772452158c217646dee76a0ce3f3a95624ca47962a065dbb51641762a79c83cd641990f0339ebdeac049005b70c3a9734c431f99e660e157099a4081146413331f98e39c51b19b77d0d086473319772845c051df35d959ab794833cb571d6b145e6c28b1e522c16ec335da5b7281ba03d057a583774d9e463dec89a8a28aed3cc0a28a2800a28a2800a28a2800a28a2800a28a2800a28a2800a28a2800a28a2800a28a2800a28a2800a28a2800a28a2800a28a2800a28a2800a28a2800a28a2800a28a2800a28a2800a28a2800a28a2800a28a2800a28a2800a28a2800a28a2800a28a2800a28a2800a28a08a0028a28a0028a28a0028a28a0028a28a0028a28a0028a28a00e7bc42cde4c922b00cc302bcd2543bc4424c81f331af47d7c23c2c5d785e9f5af3d64455385f9dce493d857938d5fbc67d1e5bfc14530392e24181c28a76d2bc06e64ea6a50a81b023c246b92699b99977f95866fbb5c28f489e109e618d9f2b177f534d2ecdba42e37120014d5473e5c4880bf05d8fa54cae24cbac63676a7a320848404461f96e5aab961895cb7dce1055c7f3362ae177b9e3d850f1062cbc058c6589e39aab3293563325745f9324cf2751e83de99b6169444798f196f4c83eb56246998b4f2051bc85403a9e3bd54f2e750b024aaa5983138ce39a76286060639641192cdc460f0453de28c7970853b8e77e3a0c734c6cb48ce6450903631d8e2a78e42b1b399816988c2fa0a2c3bb2588426477d9b628d0606072d5694058726dc991ce00271f2fad460163f663729b531bf1d01a9639d4ab4cd329da836034f625ddf52e285dd0a2443627cd21c753e9536ec3bdc187209da80fafb553591c623f3f6997a91ce01f4a9f7212aa65256214cc9a6dee58065f96016e4caf82cdd38a9f3ba42cb1a958c0ea6aac6ce733994f98e30a07a5590b18658c499c8cbf343640e2d288e57080b1fb80d3b6b1db1003a8663d28509bbcc7620202147ad2e06c56dc7cc7ebec0d42dc05566dfe6b2a9451f2d381748954ed3248c738e832694ac45d231bb62f248f5a8f2a43388ce7384cfa5590f71ec0e4461c613ef1a9559f3e70c64fca0d57f294e10236e7e5c8e48ab23606e17e44fba3de931162db76e10ac803bfccd9e4815da5b3ee44c74518ae26df01f3b3e773d6bb6b42a23440bd3ad77e09ee8f2b308eccb1451457a079614514500145145001451450014514500145145001451450014514500145145001451450014514500145145001451450014514500145145001451450014514500145145001451450014514500145145001451450014514500145145001451450014514500145145001451450014514500145145001451450014514500145145001451450072dafeedbb43e157935c0bb900cb9f989c7d2bbbd7d808c284cb127757124a64c9b3e41802bc8c63fde33e932e56a3120f2cb66012e378f98f714ccab904cff2463098ea6a519507e505df8a5084055440028f9ab84f474ee5361b00612b798ed8e3b0a97e40238d5cec41c9a9704192409d785a66c711a45e5e599f2c7d29a0622ed6569d8b64128a3da9a5a26f2e3f9f738dcf9a9493bd5c2fc91f38f5a6e64db9206f93a66b4b9030a43e77284a20c8aa0e42316d87cd938fc0d69b8725620c081867355e5fbdf682e9b4111819c64d4dfcca8efa995846222d842f7f43551e52af34ef1923044609f41815a92c52247e4895449202727b679aa321df29883831c24863d7730a7735493089d808d3c82649b0d21eb807a0ab6b3c32b7cd083022e0823a906b37cc6492597cd20cacb8e7a5588a31be3b66b8c87e5d80e99a7707146b472131b4ef082cff00ead41ed5a2a4b22c462191f33fe158f68d1bf99399ff0077102a8a3bb568a70bb4ccd991b91e8b4cca4ad72ec771130799555a3521571c0cd590f2ec1180a2498fe4055454b7ca44b29089cb7d6ac23a30f37cce5b2a9f407150e57662d3ea5ac16655e02a7249a70773e639503a05a8ff0074a1114b313d7be29e0445c92c4aa552421cbbce21c8dc792681be460d90162183df34912a805816dcfc293d715208909545242a819f7a2e4d8917700c73f349d714fdbc88c11b5706902a0f9b07d050ca428014ee3d7daa4342581b2fe6eee436d15d95803e5aee392dcd71d1282e323e54e4d763a7642e5bf8b91f4af4305b9e5e62bdd45ba28a2bd23c80a28a2800a28a2800a28a2800a28a2800a28a2800a28a2800a28a2800a28a2800a28a2800a28a2800a28a2800a28a2800a28a2800a28a2800a28a2800a28a2800a28a2800a28a2800a28a2800a28a2800a28a2800a28a2800a28a2800a28a2800a28a2800a28a2800a28a2800a28a2800a28a2800a28a2800a28a2800a28a2800a19828c9aa571a8436c81989249c015c9ea7e265327911c4c42ffac604617d8d673ab086ef53a2961aad56ad07622f115c803025c339e2b96c2c8c90f9c428c127d695ef9af259657871f3144cf714282004107cecd927dabc8af3e79367d1d0a6e9d38c4476508f39623d29447b4150e4b360b7b54cd9770de4feed060d460b056222019cf04d729d096cc66159c7cd844e7f1a8d99b6972cc492028a9be6c088201800b1a9137ab17d838042f4ef4d329955a30079596dbd5aa162ab990973b384abc44fb36ed5dee47e0298c923b20017cb8c03f5355b8a28a0dbd23180e5a46e71d8546e1598aaabf971e092477abaaf22192621479870abe94c904d84809c6ef9988ebc54bb2762f94cd904688f33248d2b8c458aa322295581612a55f7c9db23deb4e76915bcf0e0ac636a8cd67b3be082ff00bc989c923a7bd1765c5328a0613cb2f947ca5388c1a9e3490ed555265738181fdea9955649847e762244677e3aed19a9125c7fa413cf0107f2a2eee558b5031fdd22c7848f1bfdf9ad11348cad2b45c3711f6c5634436148bcc24b7249f4ad28a35690c8776c4cedf7e29b919b89752293021451b98ef7e7b1ab2267e5c80238d02a2f7eb55608e45815f27cd9481f419ad15b64631c396d839724f273496e73cb6449189b69c85dd2741e9532a48c3cbe36a025a9635554790e46384a9962217033be4e1fdaaee43146f2c65240f94041523290117206fe49a7ec40eaa010894a1411bf61c9e00341374072c465b02325b1eb412c14b96fbdd053f6fccaa01ff6a9e002cee13007dda08bd88c8c1118908e01635d1e9978a10b310420dabdab9c39008dbf3bd57938da0290a986639ebed5bd1abeca5730af41578d9b3d13cc5f939fbd457954be374d15e23aac0d124ecc90b8f99491ea7b57a2586a0b770a3c2c087c124106bd5a55a1512b3d4f22be0ead0d64b4ee68d14515a9ca14514500145145001451450014514500145145001451450014514500145145001451450014514500145145001451450014514500145145001451450014514500145145001451450014514500145145001451450014514500145145001451450014514500145145001451450014514500145151bddc499c91c50349bd912505940249acd7be18c80724f02aa4d3125540217ab1a1e899a469365fbdd423b58bcc623be2bc67c43f12ee24bf6d334a84388b3f699f70010838d8060d79ff00c49f16ea57daec1a2db23259a02d239e8e40e00ac4d3ac85a5a471221f30b6e9189c9249e58e6bcdc462656b47a9f4582cb29460a7563cd2dd23af1adeab3b4b71737e493801338000f4152db79fc22dd4a7cef999b7726a8450c52caa0c7f205e7eb5bb12158f2918dcd90a2b81cddece47a5ece118e9148d3b41bc9632911c79c0f535a51b12448d27cce7000ed55edd362c5198f25465f157970b993cac28c05a893f3205232562121200cb7b9a42405772dcaa8551532ee31edd98763dfd280097398c6d5a96c115ca85456cb16939353222eed8198a228249c9e69419325d8282edb569c164f962dc339258d016b909d9b59c292dd050c2350b16796049ab5f3090bb001540005236fd8385deff00ca98d2b332a5f2c48d26d62a9c20ed55f955cec6df21e7d79ad49159d9537a858c658fa9aa7216453701811901063ae691695d94c60ba2793fba552ce49cf22a9b0f96494c1f33e5501ed56583edf27cc197e58e3151b7ccc58b90b17031e82937634512aa5a3931407ef13f3fb2819ab96d6c59848b09f2a31b403dcfad3d0902421bf7920e3d81abf12e0c106ecece5cd65d424b4123b568a0dd80647200ad1489b708c0188c82e688190fce589e30b56911136f24bca3e7e7a5691b9cd26c728704ca402bf756a748dc2f97850ee73c9ed4f5894e17242a0e2a4445cac847ce785e39c559849e82286caf40a80e6a71bb0cdddf85a1514055ea3bd3805cf20e074a68c9bbdc55858e22dc33fc469fd417dc36af00520031d0ee66a5c02718f945510dbb8d21f6b004067ee697193e5eee15724fad2e38248fa51818036f3ce4d26843093967cf20616aac8a590a17c6fe1aae90339c656a06070729f31e945cb8b39fbcb1b5bf0c2650638f7142467048c647bd64f845c786afce93f6b99ccf87891db71443d715d5cd19c441506233961ec6b075422dde1bc68b3b6401718c807826aa151c2a45a7d4d9c554a53a72da47b1a10c4014facfd2a4792c6d1df05da242df522af9af7e0ef14fb9f2735cb392ecec2d15092eacdd083d2a606a8560a28a2810514514005145140051451400514514005145140051451400514514005145140051451400514514005145140051451400514514005145140051451400514514005145140051451400514514005145140051451400514514005145140051452330519270280168a825b88d0850dc9aad25dafcd86fbbd69d8b54e4fa1a0ceabd4d576ba0a4903e51588f3c8c19f73066e9f4a6be4911e4e3ab52355492dcbb35e4c5495efc2d542d23e1491c7de34d40ac4b1ce070a29cc9955c67793934996a296c3d3e663213f28e1454a518c6c991b9e85085b033b5454e3006fda49ec2a5dda6867ca7e31d3ee9fc7134b945b586145ea0966eb9ab9676e0a890cb92ed8e462bd07e2268727936d75656aad2ab8f39fa109d4f35c658113c42758be4c61001debc2c439c676e88fafc2d48d5c3d2945ecadf717aded86f4b5f34038dcc456baab9c4e26204678007522ab470b80098479ae067d40ad38d364891ac63620c91ef5cf7bb359ad09a38642851a660f3021bd466afac437247bb210724f735145e62ac9208c163f72ad2a4a114145cf56a6f5461ca0aaaa1e7dfdb627e14e11e3643bbef00cf4f0dbb0e02ec4e001d283bc02485323d47ab1586951bf764ec8b381ef4e51f207c10cdf9d3fe76da9c6147cc69a92485a49188c13845a770dba06c52c1003b3a93d8d22edd8ce41eb81521dc02c61b9620934ffbcc718d894d05caaf16404553b9882fcd559761fe03e5a127d89e95a2c1954b92373f0b8a8d9376c8838183b9bf0a6d95176663226501f2f0d29c29ef8a568013e5a4790065cd6a79618f9e5f217850297cb74f9439cbe295ae69cfe45082251e64be5e3aaa0f603156a085846abe5fcee5493ed56842a5b6efcac756923043be4ee3c0f6a394ce751588c28774f940545ab888dd4800b138a6ac0aa02827b66ad2852c5cf44e055462ce49cd740546276003239353282496fe11d2914004b1cef7ed530550428e117ad5a472ca447b1d768e097a9029dc17230839a42dc349ce49c2d1c74c75eb4c9bb6301272f91e80538839080f3d49a7fca1b705e0537a64e3e763c52b85c40b9f989e16987eee7772c4fe55231ced0bd85459232fb78ce052d46861e1993cce00073f5a5f5727b6054bb4fdcc739e69305b9c0da9d45055d151f818cfccdfcab32fede29e35472e2346caecebb8d6d904678ebd2ab8b66ba7b7b71cec70cf8e385a705cd38af33453514dbe8aeceb34380db69b6c8c4960b819ad4a645f7138c714fafa182b462bc8f98a92e79ce4fab6c6b819a6f3c7624d4841268a76f326e34f5a03b5398134cfaf414c07d14d1c734b9a042d145140051451400514514005145140051451400514536d64b95b8b88a74455ce622bce57dfde801d4514500145145001451450014514500145145001451450014514500145145001451450014514500145145001451450014514500145145001451433aaa924d00143305aad2dc81850d826a8b4fbb23cc202f7a76348d36f73465bcf97685fc2b39ee9a43c2fcabd79a8831277ef2493814f28384cf5eb423a234e31b69a907ccc19987cedc2fb034d119004600e396ab4150f3e946cf94e33b9e9d9977b102ab139ec3a5486171c646e63fa54c235185e70bcd48304963d7a0a7644363045ce38c2d3b6756ee781530518dbf9d3c05e78e07149a443994910a623dd93d4d5a033f376148d1007700726a5001daa0703ad4585292b232f50b25b9b6950f59062bc10e96fa46a1fd9ef2ab240abc85d839afa44a8209c7d2b82f17680f776be7dac59b9419c8192ca3f87f1ae0c650e74e48f532ac6469d4f6551fbb2dbd4e122058bdc33f53b55474c74abc90ef289e79f9bad64d84cdbf12c61020c6d208e6b712528bf73e790ed45af1649c4fa592d196116252ec492918c000f5a9dbe540470ce401c648cf4a14336c4c0daa416fc2a51232b348d800f0b52a4cc1ee40228d4a44bbb627de34a854e667cf1955a90ab0013203b302451b99e538dbe5c639fad53603b6755cb1ddd452feefcd7c8f923036fb9a52ee067232dc0a560c7099f726a04d5f7106cfbfb0972700529897e5409c0396a50efb9a42c3b0029afbb6326fc17e2a94844b95c348cbf2a8c20a8baaaa85c393f31f4152b1591822be113ae3bd35db83216e58e1453bdc4ae46a83760423ca4049e7926a750480de5f2dc0a8b1b9560327defbe7d054e92a152c5f88fa034d3b0a4dad912a440a8876743f37b639ab9128259f0360e00aaa87be7e67e6aeaaa00133f2af26b4472556f51563f976f1b9aa608372607ca3ad311d466466e7a28a7803e550dc9eb5a1cf272bb1c47de723af4a36ba82bdcf34e254c9c93b14f14100a9233b8d045dd95c4e4939e8b4ce76e4f5634f60b90b8f97a9a170df3b274ceda5b85c4dbc2a6ee872683c37985ba74140cedc05f989c9a538273b061452b583a8cc141b4372d4dd818142fc29cd3f3904ece48f968c745d9ce3e6a7b957633238933f3e7a526d5dc1371da79352f5f9f6e0741485485231cb9a2c172bb602b31270957f4bb44f3166c31624e49f43512466575555046726ba6b788449d0026bb70b4139a9339b1788e4a4e0b79138180052d1457aa78c079a28a2800a0ae68a2800c7bd1b68a2800a371c5149400034b487e5e87ad2063d8d03b0ea29bbe9cadcd0160a28a28105145140051451400514514005145140051451400514514005145140051451400514514005145140051451400514514005145140051451400514523ceaa09ec2801691e4039aa8d312060e33511258819e94eddcd1537d499e76c6029c9aaacccee001f28e6a6c1c6fcf3d05013f8037bd22d2488193ab6393d299e4636ae392726ad81efc2d1b7b8392d417721f28fde0836a8e053bcb61fc232d56f60e84f4a701de9e847b4b15962ce00e82a408725fdb02ac08c6dfad2f9638f6a774439b656d87007af5a5d84b03c6054a540cfa9a08e7145c39866c6c1a91548007a5033cf14e0314ae4b6c3073404c29f7a5a291200523a6e0dee2968a00f34f13f871d9d67b76216301a4c8ce40ae4ecef6ddbf7a6605946c03b8f5af759230c8c0a83bb835e73e22f0903766fed62f9a241b901fbfed5e562f057f7e9a3e870199464952aefdeda32317e502184bb6f94ee6f6fe2c5585313b3027e58c7eb58d05ecd1c816780a4add14afddfa9ad44666d88a47ab9af2b91a3dab5ef664ae50626009918155a688d14889380482f520251bcd3b4aa8daa07bd261c29e7e67e4fb668e5108496791b070bc20c714ffba8b8425e43f360740298cd8ce1d7645f78fbfa506665432f1b8e02afd6a03a1380a5db8f915727dcd467215e52996cfc829c0850b1efcb632c7bf3cd319f76e90be113803de9a60836e028f2c038cbd22f123398c6c4c05e29a5f64632e37c85bbfa538156213cde53ad55d0edb8aad2ae0ec019ce6a6590290ab180a3ef1f7aae1972efbf9e00a40bc18c3f2e724d4df50714f7469c4d205690a8cb1c20ab481b695c02d91bab39002549ced8fa55b43b448dbb0cf5b45ab1c9523db72e163924e30318a946fc1db8dcdd2ab85524ae4e1464d5b0531bb3d3181568e49d96c89766405e38eb40c872f9e8302a3c8c2819cb1e69c304951d05331b015202ae7963d6936127af0809fca903646efe23f76949030a13ea68ba0d409233264658f0282b87f2b7f1c31a5dc396dbc2f414ceaa0ede48cd1718a06496dd487e5c1ce598f3f4a3772bf2f03ad296c07381939db42b0ecfb0a2352c016f9529d83c71c9fbb4c72c08857efe7902b76cad886591d4600e0574d1a12a8fcba9856abeca3cd27bad1771d6962214e792dcb56851457af18460ac91e44e72a927293d428a28aa2028a28a0028a28a0028a28a0028a28a00290af6a5a280119497cd37691f8d3e8a0771987ce29c2968a0414514500145145001451450014514500145145001451450014514500145145001451450014514500145145001451450014514d9260381d050349bd87542661cd5769a424e31c9e28da49033d282d42db8af231524753516c0580c1c0eb56d41eb4bb7a8a68774883cb50338fa53847c8c0e4f5a9f6743da9ea3afbd0d83990855dc491c014e54e1ce39a96863806911cccaacbf300074eb5222e18b6dfa53bd0773522d03727618074a7d14504051451400350071cd23b876e9c2d2d001451450014514500145145001432ab82a464514500729af7862d2f9e4ba8be4ba48cac4e074cd79cc90dde95731413413799719f9c2928a17b923a57b8d55b8b286e412f182d8c035c35f071a8f9a2ecfb1eae0f34a9412854bce1d3ba3cb6231bec4c9d8abb8934c53859a720e5b841f5e2ba4bff0c4f0a7976d30019b73861938f4ae6e70f149b9f88e25181ee3d6bcb9d1a94eea48f7a857a58857a734cacec8acb06320b6e91b3c60559f322793273b1391f5c567b49b324b00ee4f27b034d8dc0711f98a1506e73ebc66b9e48eae4f335c711640f9e4ebeb8a40146c8c21daa3731aacb731902e4b12ac802fd455c44223684c84b4b876edc6735043761ac418da431e793b7350142142851b8fde26ad040d9fde1da838a8a42397de7e7e0522a2f714609dc546d418a7a2b3286c0dc7a53444a7f75b884ce49ef934d8cc7ccbbce10e0530be868a65b8c70bd6aca1f9c4840c1e82b3d4ed1b43162c79ab7115ce3276a0ab81cb523b9713cc38518cb1e6a7dc4c9c11b509aa408605f2724e054f840553048c65ab5396512d2312bbc9c17e949b492b18618ce4d30153f31fe1fbb5201c67b9a662f4633711824f0a3029e01ee796a42137a009903ad2160bb982124f4a41bdac8320929bf01704fbd1bbab669ac70ab185e7a9a42c884b3f08bdcd34ae3b1214fbab93c8a859c31d8afc838007ad10a5cdce228a36467e43b0ed5d25ae951db6c24658725bb935d5430d2a89dd591955af0c3fc4ef2e8915b4dd2d211e7cac5a670335b80014515ebc211845248f16ad59d69b94d851451566614514500145264034b400514514005145140051451400514514005145140051451400514514005145140051451400514514005145140051451400514514005145140051451400514514005145319f68cd003e9b25c2203c8e2aac93373f2fb555918b109b471d68358d3d55c925b9e386c13c0151463710a49c753480333eeda319ad08d0aae3a9a0b7686c4491f249a9c2e315305e945064e6d8d0b4edbde8a28203028a28a0028a28a0036d038a28a0028a28a0028738145070def83400d5048c67a75a7526296800a28a2800a28a2800a28a2800a28a2800a28a280023359ba86876b7d108e4051339c21da4d69515328466ad28a65c2a4e9c94a12716baa3c7755f066a50a5d5c5acc6660bb608986302b8491e4d3264b5bab2b88e799d9dc946740146396c62be9dc555bdd3e0b98e48e6c1debb48c7415e7d4c0435e43dac3e7538da35a9a9aeeb468f19b3315c156db948d703d0915b10f9854b6cf9dba7d2b763f0369b6912436598230fbc8527e6fae7352ff62dc421a4077e0600ae49612714f43d0598e16a6d3fbf43252260bb02fdde4d38a12d249b38fe15ad33652a0f2c9f998127150344c3e52480b583a4d6e86abc66eea49995f6798222e3748c7730ce719a976316195c2aae08ce79abbb142f99ce5b8068100185ec79352e9dcbf6ddd9502b8cb1192e48515642b90b1f1ea694c6849725b6a6768152229088403b9e85068894f443829c9607815361c232e465fa531530e108e00e69c41ce48271d0568a260ddc7f3bc004613ad484b00d26ee48c014c48c0c00bc924b1a9d632cdb82e556a942eec8c64e2441481b4b73d734d2bf396321dabc01ef5a09692151f272c6ae8d3232620dd14e4f606b48e1aa4b68984b134e1bcbee309965607ca059d9bf21572df45795e36b993705e703a66ba28ade342708054b5df47070859cb567254c7cdab535cbe7d46c36e23efd29d4515d8925b1c2db6eec28a28a620a28a2800a28a28011ba934b415cd02800a28a2800a28a2800a28a2800a28a2800a28a2800a28a2800a28a2800a28a2800a28a28002d8a03514607e540051467a514005145140051451400514514005145140051d28a49b3b70281ad59525b84cb157f6029817775fc699b72738e05588d081c81cd558db482226031f78fcb55cf2b8ee4d6832671ed5088ce777e00543b8e3244704619f80768ad1518a64436714fa123194b998514514c90a28a2800a28a2800a28a2800a28a2800a28a280109a5a31939a2800a28a2800a28a2800a28a2800a28a2800a28a2800a28a2800a28a2800a28a2800a08cd145000624dc0e39c75a81ed62603318eb53d152e107bc50d4a4b69328cba723beec6001c0aaffd94db0f0a09ad6a2b3787a4fec9aac4568ab2998c74798608dbb4522e9737cd21c723815b5454fd5a9762feb75bba31ff00b2a501417a97fb2882a49e1474ad3a29fd5a9766278aacfed1492c5141c8c93561608d502ede2a5a2ae34a11da2652a9396f26262968a2b42028a28a0028a28a0028a28a0028a28a0028a28a000d0af9ce462823229a980c72785a0075145140051451400514514005145140051451400514514005145140080e696923e32296800a28a2800a0839a28a0067ad39180eb4bb698411f8d031f4500f6268a0414514500145145001451450014974e0e029e94b5030c9269a2a3b9000a08046055a88026a12ac415a963c9393daa9972775b92e051b17d28a2a0c828a28a0028a28a0028a28a0028a28a0028a28a0028a28a0028a28a0028a28a0028a28a0028a28a0028a28a0028a28a0028a28a002a3571c9c70bc548dd08079a626376deb8eb40fa31f45145020a28a2800a28a2800a28a2800a28a2800a28a2800a28a2800a28a2800a28a2800a28a2800a28a050014514500145145001451450021ce0e2a2f418fad4d501f94f5ea690d130a5a148c514c41451450014514500252d071de905002d14514005145140051451400c5203e73d69f50a39493711c54d49152560a28a2992145145001451450030ae29ca734a41249029abc1a063a8a28a041451450014514500151601622a5a36fa5034ec573c7d685daa70054aea439f41507cca71bbad05ad4b4841cd14d849cb64f0bd69d410d5985145140828a28a0028a28a0028a28a0028a28a0028a28a0028a28a0028a28a0028a4cf5a05002d14514005145140051451400514514008fc024d42b805540ebcb54d312a093d00aaaa5f392c32d4171574cb40e7b52d0b8a282028a28a0028a28a0028a28a0028a28a0028a28a0028a28a0028a28a0028a28a0028a28a000f240a2a3666e07734f1400b45145001451450014514500155cf5248fa558a81f9c9cf4a4d151dc9a3e94b4d8881924f2d8a753427b85145140828a28a0008cf7e940a1e9118e71da818b45145020a149e99a2905002d14514015db1e6104f4a9c74aaed92c38ab2bc8cd4a2e5b4428a28aa2028a28a0028a28a00299827814fa6671cd003e8a28a0028a28a0028a28a0028a28a006bf5e7a547c00491cd3a72e1b93db35064903e6152cd22b4177f2368c73cd5a56dc33544f1ceeeb56607c2eda68738ab268968a28a6641451450014514500145145001451450014514500145145001451431c29e2801320f7e940c1e41eb4c23a0c75eb520a0028a28a0028a28a0028a28a0028a28a008e6e463151478c6e2bdf02a47c918ee6a18f9232e30953d4d17c25b5a2917d7d7a52d5198514514005145140051451400514514005145140051450e9bc50019145014018a2800a28a2800a28a1c9c50046a4641ee4d495106e7776a9681b0a28a28105145140051451400542dcb0e381d6a6aaec3a8cfdea0a8934670c4fb53aabafdfc67802ac50852dc28a28a041451450014d3c3629d48c72dd3af5a005a28a2800a28a2800a427009a5a494e0500573b4edea49eb56222305476aac09cf4eb56621cfd3ad4a3490b4514551985145140051451400534a9eb4ea0f7a0013bd14887a70696800a28a2800a28a2800a28a280219cb720a839e950f603d3ad4b7042e49278aa43230039e4f350cde0af144a7bbe383d054b136085c73d6a238c0f9b38e94b110086fe263548a6af165ea28a299cc145145001451450014514500145145001451450014514500143763e945140088b9c9cd2d1450014514500145145001451450014514500365c659b1c9aaca006540bc6096a9656c1673d16abae7246796a4f746b15eeb2ea004e71d3a52d2463df814b4cc9851451400514514005145140051451400514514005145140051451400514514005365231d7ad3a992fcac49c52635b88aaa4aaf502a4a488904038cd2d306145145020a28a2800a28a2800a89ba1e39a96a271d73da8635b8d1f794639c726a7aac9f797d5aacd24396e828a28a6485145140050df78d1411f35001451450014514500151ca7b1e9525433162428039a071dd108c75ef9e2adc7dcd5719fc05588c753eb4173168a28a0cc28a28a0028a28a002834514002f7a28a2800a28a2800a28a2800a28a2801b3fcb8fd6b34641e80e6b4a6505483dc5663005dbdba54b37a5aa62a96242ed1c54b960c1bb66a0078f73d6a54d9ef85a491a491a2a4f19eb4532339029f5672b566145145020a28a2800a28a2800a28a2800a28a2800a28a2800a28a2800a28a2800a28a2800a28a2800a28a2800a28a2802393af4e3a9aacb9e5b1c9e956651b81507154c392f90fc28c527d0da0ae8bc831b531d7ad3aa05381b8bf27a54eb8000a68c985145140828a28a0028a28a0028a28a0028a28a0028a28a0028a28a0028a28a00299200ced9e829f50b64b63b0eb52c689231c8ec4d3a9abc9a75340c28a28a620a28a2800a28a2800a4995810c3a0a5a64a73f2f63431add10a9c1ce393d2ac8e955548c927b74ab23a0a49153168a28a6405145140051451400514514005145140055773963c649e953b920540a4f2c682a3dc72ae703f3a9a91460d2d026ee145145020a28a2800a28a2800a28a2800a28a2800a28a2800a28a280132338a5a8f8073fc5520340c0d654c0f3f30f96b56b32ed23071b7a9e6a65a235a0fdfb1023b11bb21735276284fbe6ab1283b103b54809e015e6a13b9d4d1a36cf96273c0ab559d036c70c00c0ad156dc01ad13b9c9555a41451453320a28a2800a28a2800a28a2800a28a2800a28a2800a28a2800a28a2800a28a2800a28a2800a28a2800a28a280125248c0aa5b7042850157ad5e23bd5091486dbb8f3d69334a7d513ae79240f6153a70003d6ab2b2fbe16a753fc47bd0b61487d14514c80a28a2800a28a2800a28a2800a28a2800a28a2800a28a2800a28a2800a81bef0c0ebd6a76e066a152777d6932a3d4913da9d405cf7a284261451453105145140051451400524bca103a9a5a24c05c9a06b74555049f61d6ad2e48aa9ec0f5eb56e3fbbc741d282a7d028a28a080a28a2800a4c75a5a2800a28a2800a28a463804d00453b02540fc6841c938e31558b9ce47393571578033d283592e5490f5073451450641451450014514500145145001451450014514500145145001451450030633b89a78a69a72d0861542f0152187560055faad72a0a67682474a99aba2a9bb4e2633fcc42efe868494bb79818e3eeeda8e6ceec05f9b82d52215272146dc707deb247a2d5d22c2bed6d9bb19c935b164fe70272085e0d6100d8c951b8d5fb57e91edc6064d691dce6ad1f76e8d0a28a2ace40a28a2800a28a2800a28a2800a28a2800a28a2800a28a2800a28a2800a28a2800a28a2800a28a2800a28a2800aa536e56ed961c55daa33ed1be639f947ca2932e9fc4221f995076e5aae0e726b362655118e773e339abaa14b723e55e4528973458a28a2a8c428a28a0028a28a0028a28a0028a28a0028a28a0028a28a0028a28a001b9183d2abae7ef907be33539a8461ba1e16a5951278f38a28041a2a890a28a2800a28a2800a28a2800a47e067d29690f22802a9ce41cf5ab484600cf4aaa78624afd2adc7c2f4a0d27b20a28a28330a28a2800a28a2800a28a2800a86e1ca823a0a9ab3ee7e67033f29eb4174d5e487c433bb23e9575785154e0527f88e17a55ca02a3f7828a2893a5040858d2d300e40a7d00145145001451450014514500145145001451450014514500369c951e0e08a910f5a4b6430a49a3cc4db8d2d06982d1a672f281f3124866e3eb4c4d89b2352768156ae91d242c71b7a5562adc280031ae77a3b1eb42ce2993093e5de0f4e053ede4dbe5fce4b31c9a8d4b0feee145282e32df2e5ba5526f426514ce911c15eb4541048ed122161f28a9eb54cf324acda0a28a2992145145001451498a005a28a2800a28a2800a28a2800a28a2800a28a2800a28a2800a28a2800a28a2800aa9382727b0eb56ea9dd2fcbc0e3396a4f62e9fc48a61d95f39196385157e3cfdccf4ea6b3b0b92e57fddab912b0180bf377a51379ad2e5d0734b48bc714b54728514514005145140051451400514514005145140051451400514514003e71c540065ba703ad4ec7009f6aac06030cf2c726a5ee547664ebd69d4628a6890a28a298051451400514514005145140159b058b7f76ac27dd150b0cb7fb3dea64ced1416f642d14514101451450014d61934ea46eb400b45145000ee11493d2b214b39c0fbd57aed8152959d00c3799bb24f141d34a36837d59af0274f6eb4fa441814b41ceddd8521cb7d05358f4a7a0c66800a28a281051451400514514005145140051451400514514005145149bb0112b035228e71d8d7211f8ab4e9247fdf708bb89d8d8ec3d3deae0f12698047bae7fd67dcf91bfc2b1588a1ff003f11d2f0d5b5b5367494565c1e22d33ce6b613132a2ab38d8dd1ce05490ebba7dc07f2a7ced241f958608fa8abf6b4ff009d19fb0adff3ea5f7115fc03396ce319ac71b7961b8367a1cd695eea16f29f2125f9c20720a9e86b9bfed3b59b74893821012c0ab741f857354ab0bb51923d2c353aae9a528bfb8d10abd3076f5624d4981c92083fc233d6a88b80b8569065c7180694dd80577c9f2a9eb8ef551a906b7379425d99b564e022a8183deb6d0e5ba1ae42dafe321655909048e315d1457910952167f988c818ad61520fed23cec4519defcafab2fd151a5e43866cf03be28fb447eb5af347ba38f965fcac928a41321dd8edd691ae17008e87a5175dc395f61d4530dca2948f27919a88dca6012e7da98f925fcacb14534dc2a85c9eb49f68439e785eb4b9977172becc7d1518b942a194fdee9522caa4ed0738145d034d6e828a0b8033da833282063af228ba0b30a28dc0eef6a4f34100e29885a28ddf3628df4005146ea28bdc028a40734b40051451400555b939050360b55aaa978c42330505c8c2e693764cba6af346731266601be48c67357217debb83e73d2b35b76e089186208f30938abd1ba00cc170aa76ad4a68ea9af74d38f1b95696a2872760eec6a5ab38dab30a28a28105145140051451400514506937600a28a2980514514ae0145145300720545f5ea69d21dc79aae8c0ee7f4e950cb4b42dd1483a52d59014514500145145001451450014514500412025f19f94e7353c7f7455773c85c72d5623395a9894f64145145512145145001451413cd001451487a50051bc62ce36f6eb4eb60370661c0e2a9ce0b488c09c9386fc2afdba2175519c53b1d52d29245aa28a827940708691cd18b93b21eae72490054951a107248e2a4276d240f70a2857dc7a514c41450e680d81d295d0ec145145310514514ae8028a4f3052ef145d005030298f3a92dcf0a3815427d4adad903c8e46e3851826939456ecb8d39cb68b669515c55e78ad0e63b5b72dd32ce714573bc5d1bbb3b9d50cbf13257e4b1fffd9, 1, '2025-04-02 03:01:32');
INSERT INTO `users` (`user_id`, `first_name`, `middle_name`, `last_name`, `date_of_birth`, `gender`, `email`, `phone`, `address`, `profile_picture`, `type_of_user`, `created_at`) VALUES
('HSK-0001', 'Christine Anne', 'A', 'Alesna', '2025-05-02', 'Female', 'christine@gmail.com', '0956789012', 'Basak Pardo', NULL, 3, '2025-05-01 16:39:24'),
('MTN-0001', 'Kobe', 'A', 'Amaro', '2025-05-02', 'Male', 'kobe@gmail.com', '12345678901', 'Kabangkalan Mandaue', NULL, 4, '2025-05-01 17:59:55'),
('SCT-0001', 'Clifford', 'A', 'Alferez', '2025-05-02', 'Male', 'clifford@gmail.com', '0934567890', 'C.Padilla Daias', NULL, 5, '2025-05-01 18:02:53'),
('RES-0002', 'Angela', 'P', 'Postrero', '2025-05-02', 'Female', 'angela@gmail.com', '12345677889', 'Sapangdaku Guadalupe', NULL, 2, '2025-05-01 18:06:41');

-- --------------------------------------------------------

--
-- Table structure for table `user_accounts`
--

CREATE TABLE `user_accounts` (
  `id` int(11) NOT NULL,
  `user_id` varchar(50) NOT NULL,
  `username` varchar(50) NOT NULL,
  `password` varchar(255) DEFAULT NULL
) ENGINE=InnoDB DEFAULT CHARSET=utf8mb4 COLLATE=utf8mb4_unicode_ci;

--
-- Dumping data for table `user_accounts`
--

INSERT INTO `user_accounts` (`id`, `user_id`, `username`, `password`) VALUES
(1, 'ADM-0001', 'bryl@gmail.com', '123'),
(34, 'HSK-0001', 'christine@gmail.com', '123'),
(35, 'MTN-0001', 'kobe@gmail.com', '123'),
(36, 'SCT-0001', 'clifford@gmail.com', '123'),
(37, 'RES-0002', 'angela@gmail.com', '123');

-- --------------------------------------------------------

--
-- Table structure for table `_admin`
--

CREATE TABLE `_admin` (
  `admin_id` varchar(50) NOT NULL
) ENGINE=InnoDB DEFAULT CHARSET=utf8mb4 COLLATE=utf8mb4_unicode_ci;

--
-- Dumping data for table `_admin`
--

INSERT INTO `_admin` (`admin_id`) VALUES
('ADM-0001');

--
-- Indexes for dumped tables
--

--
-- Indexes for table `department`
--
ALTER TABLE `department`
  ADD PRIMARY KEY (`department_id`);

--
-- Indexes for table `facility_operating_hours`
--
ALTER TABLE `facility_operating_hours`
  ADD PRIMARY KEY (`facility_id`,`day_of_week`);

--
-- Indexes for table `id_generator`
--
ALTER TABLE `id_generator`
  ADD PRIMARY KEY (`type_of_id`);

--
-- Indexes for table `job_titles`
--
ALTER TABLE `job_titles`
  ADD PRIMARY KEY (`job_title_id`),
  ADD KEY `service_id` (`service_id`);

--
-- Indexes for table `posts`
--
ALTER TABLE `posts`
  ADD PRIMARY KEY (`post_id`),
  ADD KEY `user_id` (`user_id`);

--
-- Indexes for table `requests`
--
ALTER TABLE `requests`
  ADD PRIMARY KEY (`request_id`),
  ADD KEY `approved_by` (`approved_by`),
  ADD KEY `typeof_status` (`typeof_status`),
  ADD KEY `rtype_id` (`rtype_id`),
  ADD KEY `requested_by` (`requested_by`);

--
-- Indexes for table `request_type`
--
ALTER TABLE `request_type`
  ADD PRIMARY KEY (`rtype_id`);

--
-- Indexes for table `residents`
--
ALTER TABLE `residents`
  ADD PRIMARY KEY (`resident_id`);

--
-- Indexes for table `services`
--
ALTER TABLE `services`
  ADD PRIMARY KEY (`service_id`),
  ADD KEY `department_id` (`department_id`);

--
-- Indexes for table `service_request`
--
ALTER TABLE `service_request`
  ADD PRIMARY KEY (`request_id`);

--
-- Indexes for table `service_request_details`
--
ALTER TABLE `service_request_details`
  ADD PRIMARY KEY (`request_id`),
  ADD KEY `service_id` (`service_id`);

--
-- Indexes for table `staff`
--
ALTER TABLE `staff`
  ADD PRIMARY KEY (`staff_id`);

--
-- Indexes for table `staff_schedule`
--
ALTER TABLE `staff_schedule`
  ADD PRIMARY KEY (`staff_id`);

--
-- Indexes for table `type_of_users`
--
ALTER TABLE `type_of_users`
  ADD PRIMARY KEY (`role_id`);

--
-- Indexes for table `users`
--
ALTER TABLE `users`
  ADD UNIQUE KEY `user_id` (`user_id`),
  ADD UNIQUE KEY `email` (`email`),
  ADD KEY `type_of_user` (`type_of_user`);

--
-- Indexes for table `user_accounts`
--
ALTER TABLE `user_accounts`
  ADD PRIMARY KEY (`id`),
  ADD KEY `user_id` (`user_id`);

--
-- Indexes for table `_admin`
--
ALTER TABLE `_admin`
  ADD PRIMARY KEY (`admin_id`);

--
-- AUTO_INCREMENT for dumped tables
--

--
-- AUTO_INCREMENT for table `request_type`
--
ALTER TABLE `request_type`
  MODIFY `rtype_id` int(11) NOT NULL AUTO_INCREMENT, AUTO_INCREMENT=4;

--
-- AUTO_INCREMENT for table `services`
--
ALTER TABLE `services`
  MODIFY `service_id` int(11) NOT NULL AUTO_INCREMENT, AUTO_INCREMENT=7;

--
-- AUTO_INCREMENT for table `type_of_users`
--
ALTER TABLE `type_of_users`
  MODIFY `role_id` int(11) NOT NULL AUTO_INCREMENT, AUTO_INCREMENT=6;

--
-- AUTO_INCREMENT for table `user_accounts`
--
ALTER TABLE `user_accounts`
  MODIFY `id` int(11) NOT NULL AUTO_INCREMENT, AUTO_INCREMENT=38;

--
-- Constraints for dumped tables
--

--
-- Constraints for table `facility_operating_hours`
--
ALTER TABLE `facility_operating_hours`
  ADD CONSTRAINT `facility_operating_hours_ibfk_1` FOREIGN KEY (`facility_id`) REFERENCES `facilities` (`facility_id`) ON DELETE CASCADE;

--
-- Constraints for table `job_titles`
--
ALTER TABLE `job_titles`
  ADD CONSTRAINT `job_titles_ibfk_1` FOREIGN KEY (`service_id`) REFERENCES `services` (`service_id`) ON DELETE CASCADE;

--
-- Constraints for table `posts`
--
ALTER TABLE `posts`
  ADD CONSTRAINT `posts_ibfk_1` FOREIGN KEY (`user_id`) REFERENCES `users` (`user_id`);

--
-- Constraints for table `requests`
--
ALTER TABLE `requests`
  ADD CONSTRAINT `requests_ibfk_2` FOREIGN KEY (`approved_by`) REFERENCES `_admin` (`admin_id`),
  ADD CONSTRAINT `requests_ibfk_3` FOREIGN KEY (`typeof_status`) REFERENCES `status` (`status_id`),
  ADD CONSTRAINT `requests_ibfk_4` FOREIGN KEY (`rtype_id`) REFERENCES `request_type` (`rtype_id`),
  ADD CONSTRAINT `requests_ibfk_5` FOREIGN KEY (`requested_by`) REFERENCES `residents` (`resident_id`) ON DELETE CASCADE;

--
-- Constraints for table `reservation_request_details`
--
ALTER TABLE `reservation_request_details`
  ADD CONSTRAINT `reservation_request_details_ibfk_2` FOREIGN KEY (`facility_id`) REFERENCES `facilities` (`facility_id`);

--
-- Constraints for table `residents`
--
ALTER TABLE `residents`
  ADD CONSTRAINT `residents_ibfk_1` FOREIGN KEY (`resident_id`) REFERENCES `users` (`user_id`) ON DELETE CASCADE;

--
-- Constraints for table `services`
--
ALTER TABLE `services`
  ADD CONSTRAINT `services_ibfk_1` FOREIGN KEY (`department_id`) REFERENCES `department` (`department_id`) ON DELETE CASCADE;

--
-- Constraints for table `service_request_details`
--
ALTER TABLE `service_request_details`
  ADD CONSTRAINT `service_request_details_ibfk_1` FOREIGN KEY (`request_id`) REFERENCES `requests` (`request_id`) ON DELETE CASCADE,
  ADD CONSTRAINT `service_request_details_ibfk_2` FOREIGN KEY (`service_id`) REFERENCES `services` (`service_id`);

--
-- Constraints for table `staff`
--
ALTER TABLE `staff`
  ADD CONSTRAINT `staff_ibfk_1` FOREIGN KEY (`staff_id`) REFERENCES `users` (`user_id`) ON DELETE CASCADE;

--
-- Constraints for table `staff_schedule`
--
ALTER TABLE `staff_schedule`
  ADD CONSTRAINT `staff_schedule_ibfk_1` FOREIGN KEY (`staff_id`) REFERENCES `staff` (`staff_id`) ON DELETE CASCADE;

--
-- Constraints for table `users`
--
ALTER TABLE `users`
  ADD CONSTRAINT `users_ibfk_1` FOREIGN KEY (`type_of_user`) REFERENCES `type_of_users` (`role_id`);

--
-- Constraints for table `user_accounts`
--
ALTER TABLE `user_accounts`
  ADD CONSTRAINT `user_accounts_ibfk_1` FOREIGN KEY (`user_id`) REFERENCES `users` (`user_id`) ON DELETE CASCADE;

--
-- Constraints for table `_admin`
--
ALTER TABLE `_admin`
  ADD CONSTRAINT `_admin_ibfk_1` FOREIGN KEY (`admin_id`) REFERENCES `users` (`user_id`);
COMMIT;

/*!40101 SET CHARACTER_SET_CLIENT=@OLD_CHARACTER_SET_CLIENT */;
/*!40101 SET CHARACTER_SET_RESULTS=@OLD_CHARACTER_SET_RESULTS */;
/*!40101 SET COLLATION_CONNECTION=@OLD_COLLATION_CONNECTION */;
